"Coin","CurrentPrice","Time","DailyGain","DailyRating","DailyPosition","DailyVolume","60.0.Gain","60.0.Rating","60.0.Position","60.0.Volume","60.1.Gain","60.1.Rating","60.1.Position","60.1.Volume","60.Trajectory","60.VolumeIncrease","60.VolumePercent","3600.0.Gain","3600.0.Rating","3600.0.Position","3600.0.Volume","3600.1.Gain","3600.1.Rating","3600.1.Position","3600.1.Volume","3600.Trajectory","3600.VolumeIncrease","3600.VolumePercent","0.HourTrajectory","1.HourTrajectory","86400.0.Gain","86400.0.Rating","86400.0.Position","86400.0.Volume","86400.1.Gain","86400.1.Rating","86400.1.Position","86400.1.Volume","86400.Trajectory","86400.VolumeIncrease","86400.VolumePercent","0.DayTrajectory","1.DayTrajectory"
"KNC-USD","2.6699","6/2/2021 3:46:44 PM","1.2665","1.6531","Middle","24724668.3","1.0019","0.0129","Middle","1688.4","1.0000","0.0126","Middle","2688.1","0.0019","0.6281","0.0001","0.9725","0.0631","Middle","468089.1","0.9871","0.0746","Middle","969793.6","-0.0146","0.4827","0.0189","-0.0146","-0.0129","1.1333","1.3281","Middle","22988582.8","1.3956","1.1399","Middle","7650515.4","-0.2623","3.0048","0.9298","-0.0148","-0.3956"
"STORJ-USD","1.1407","6/2/2021 3:46:46 PM","1.0902","1.0147","Middle","10785915.67","0.9988","0","Bottom","371.45","0.9986","0","Bottom","318.97","0.0002","1.1645","0.0000","1.0087","0.0907","Middle","70496.22","0.9952","0.0628","Middle","169753.97","0.0135","0.4153","0.0065","0.0135","-0.0034","1.0781","0.8546","Middle","10622933.13","0.9701","0.1688","Middle","2712099.8","0.1080","3.9169","0.9849","-0.0036","0.0285"
"STORJ-USD","1.1664","6/2/2021 4:44:08 PM","1.1202","1.5012","Middle","11420968.67","0.9990","0","Bottom","24982.47","0.9989","0","Bottom","3534.32","0.0001","7.0685","0.0022","1.0184","0.2643","Middle","653954.43","1.0128","0.1404","Middle","96219.85","0.0056","6.7965","0.0573","0.0056","0.0139","1.1001","1.3648","Middle","11356590.82","0.9701","0.1688","Middle","2712099.8","0.1300","4.1874","0.9944","0.0138","0.0288"
"KNC-USD","2.5614","6/2/2021 5:12:57 PM","1.0835","0.7897","Middle","24074200.9","1.0033","0.0401","Middle","23506.2","0.9999","0.0027","Middle","8728.7","0.0034","2.6930","0.0010","0.9939","0.0506","Middle","115920.3","0.9648","0.1090","Middle","871105.6","0.0291","0.1331","0.0048","0.0291","-0.0351","1.0893","0.8399","Middle","24097707.1","1.3956","1.1399","Middle","7650515.4","-0.3063","3.1498","1.0010","-0.0385","-0.3957"
"NMR-USD","49.1007","6/2/2021 6:10:17 PM","0.9965","0.4689","Middle","69443.937","0.9996","0","Bottom","9.967","0.9986","0.0204","Middle","39.197","0.0010","0.2543","0.0001","0.9978","0.0071","Middle","177.9","1.0105","0.3951","Middle","1719.763","-0.0127","0.1034","0.0026","-0.0127","0.0119","1.0013","0.1061","Middle","105.749","1.0015","0.5722","Middle","74857.602","-0.0002","0.0014","0.0015","0.0109","-0.0029"
"KNC-USD","2.5897","6/2/2021 6:38:04 PM","1.0270","0.8949","Middle","22475058.9","0.9997","0.0021","Middle","7741.8","1.0018","0.0098","Middle","579.9","-0.0021","13.3502","0.0003","0.9627","0.0153","Middle","434621.5","1.0376","0.4194","Middle","1170281.2","-0.0749","0.3714","0.0193","-0.0749","0.0358","0.9627","0.0153","Middle","434621.5","1.1372","1.3841","Middle","25152068","-0.1745","0.0173","0.0193","0.0379","-0.1354"
"NU-USD","0.3186","6/2/2021 7:35:57 PM","1.0670","0.8425","Middle","16866011.067566","1.0003","0.0003","Top","420.9571","0.9978","0","Bottom","25672.178222","0.0025","0.0164","0.0000","1.0019","0.1004","Middle","248842.029779","0.9928","0.0871","Middle","274954.964001","0.0091","0.9050","0.0148","0.0091","-0.0050","0.9944","0.1081","Middle","533124.04492","1.0515","1.0466","Middle","17654847.200666","-0.0571","0.0302","0.0316","-0.0075","-0.0537"
"KNC-USD","2.6296","6/2/2021 7:36:07 PM","1.1033","1.0661","Middle","21470346.2","1.0024","0.0038","Top","233.2","1.0024","0.0146","Middle","212.4","0.0000","1.0979","0.0000","0.9925","0.0679","Middle","158335.2","0.9874","0.1914","Middle","628798.4","0.0051","0.2518","0.0074","0.0051","-0.0150","0.9819","0.1508","Middle","787133.6","1.1372","1.3841","Middle","25152068","-0.1553","0.0313","0.0367","-0.0150","-0.1348"
"NU-USD","0.3436","6/2/2021 8:33:00 PM","1.1355","1.9174","Middle","25289909.098803","1.0009","0.0012","Top","16602.573919","1.0012","0.0303","Middle","58588.758202","-0.0003","0.2834","0.0007","1.0259","0.5702","Middle","6462584.538375","1.0564","0.6142","Middle","2246237.941187","-0.0305","2.8771","0.2555","-0.0305","0.0552","1.0785","1.3026","Middle","8983777.443563","1.0515","0.5211","Middle","17654847.200666","0.0270","0.5089","0.3552","0.0555","-0.0503"
"REN-USD","0.5745","6/2/2021 8:33:13 PM","0.9460","0.0046","Middle","18981598.718588","0.9962","0","Bottom","18497.003608","1.0033","0.0741","Middle","32248.539256","-0.0071","0.5736","0.0010","0.9984","0.0581","Middle","378905.749196","0.9842","0","Bottom","529335.58195","0.0142","0.7158","0.0200","0.0142","-0.0191","0.9625","0.0046","Middle","1707517.336398","0.9519","0.7163","Middle","22452557.192575","0.0106","0.0761","0.0900","-0.0120","0.0514"
"SNX-USD","12.6652","6/2/2021 8:34:31 PM","1.0200","0.3185","Middle","397070.495","1.0010","0.0010","Top","82.128","1.0038","0.0047","Top","770.186","-0.0028","0.1066","0.0002","1.0041","0.1423","Middle","8370.581","0.9872","0","Bottom","21906.957","0.0169","0.3821","0.0211","0.0169","-0.0166","0.9928","0.1423","Middle","61463.647","1.0085","1.0595","Middle","393319.216","-0.0157","0.1563","0.1548","-0.0138","-0.0047"
"CRV-USD","2.34","6/2/2021 9:01:40 PM","1.1010","1.2804","Middle","14429002.37","1.0023","0.0291","Middle","8879.01","0.9984","0.0123","Middle","2147.01","0.0039","4.1355","0.0006","1.0030","0.0388","Middle","20759.13","1.0092","0.1844","Middle","220752.56","-0.0062","0.0940","0.0014","-0.0062","0.0108","0.9985","0.2152","Middle","858607.81","1.1382","1.8852","Middle","16861765.05","-0.1397","0.0509","0.0595","0.0069","-0.1398"
"ATOM-USD","15.021","6/2/2021 9:01:42 PM","1.0710","3.3463","Middle","1149865.1","1","0.0719","Middle","1276.7","0.9966","0.0448","Middle","5257.5","0.0034","0.2428","0.0011","1.0206","0.0243","Top","28680.3","0.9990","0.0418","Middle","27154.1","0.0216","1.0562","0.0249","0.0216","0.0024","1.0097","1.0778","Middle","90774.2","1.0804","2.5915","Middle","1216211.7","-0.0707","0.0746","0.0789","-0.0010","-0.0838"
"NU-USD","0.355","6/2/2021 9:30:27 PM","1.1837","4.5156","Middle","29031383.299026","0.9994","0","Bottom","3234.290928","1.0034","0.1382","Middle","29491.041846","-0.0040","0.1097","0.0001","1.0166","0.5887","Middle","2249847.109675","1.0375","0.8942","Middle","8589066.292218","-0.0209","0.2619","0.0775","-0.0209","0.0341","1.1069","2.8321","Middle","13327380.974307","1.0515","0.5211","Middle","17654847.200666","0.0554","0.7549","0.4591","0.0381","-0.0481"
"STORJ-USD","1.1545","6/2/2021 9:30:51 PM","1.0027","0.5591","Middle","9277817.72","1","0","Bottom","126.47","1.0002","0.0009","Top","2553.41","-0.0002","0.0495","0.0000","1.0018","0.0319","Middle","40126.35","1.0068","0.1252","Middle","359929.29","-0.0050","0.1115","0.0043","-0.0050","0.0066","0.9710","0.1453","Middle","1594943.38","1.1262","2.0240","Middle","14615579.01","-0.1552","0.1091","0.1719","0.0068","-0.1260"
"SNX-USD","13.0597","6/2/2021 9:31:06 PM","1.0430","1.6638","Middle","399495.811","1.0006","0.0252","Middle","1859.991","1.0001","0.0006","Top","435.607","0.0005","4.2699","0.0047","1.0118","0.4091","Middle","11047.163","1.0195","0.5561","Middle","12699.669","-0.0077","0.8699","0.0277","-0.0077","0.0194","1.0192","1.1245","Middle","74979.907","1.0085","1.0595","Middle","393319.216","0.0107","0.1906","0.1877","0.0189","-0.0084"
"REN-USD","0.6005","6/2/2021 9:31:21 PM","0.9929","1.5086","Middle","19053144.676728","1","0.0506","Middle","2808.311024","0.9988","0","Bottom","4028.577126","0.0012","0.6971","0.0001","1.0291","0.9831","Middle","597846.97748","1.0099","0.2651","Middle","580655.711402","0.0192","1.0296","0.0314","0.0192","0.0111","1.0055","1.4663","Middle","2451646.240075","0.9519","0.7163","Middle","22452557.192575","0.0536","0.1092","0.1287","0.0099","0.0469"
"CTSI-USD","0.7134","6/2/2021 9:31:44 PM","1.0607","0.7589","Middle","13565245.3","1.0007","0.0007","Top","33.3","1.0044","0.0044","Top","10550.2","-0.0037","0.0032","0.0000","1.0145","0.2145","Middle","275645.7","0.9967","0.0773","Middle","223038.7","0.0178","1.2359","0.0203","0.0178","-0.0077","1.0025","0.2855","Middle","1297627","1.0418","0.9352","Middle","13421776.2","-0.0393","0.0967","0.0957","-0.0040","-0.0374"
"CRV-USD","2.4143","6/2/2021 9:59:29 PM","1.1360","2.9096","Middle","14968273.18","1.0013","0.0018","Top","991.06","1.0006","0.0006","Top","570.2","0.0007","1.7381","0.0001","1.0357","0.8017","Middle","559988.69","1.0092","0.1844","Middle","220752.56","0.0265","2.5367","0.0374","0.0265","0.0086","1.0344","1.1954","Middle","1429584.97","1.1382","1.8852","Middle","16861765.05","-0.1038","0.0848","0.0955","0.0079","-0.1376"
"ATOM-USD","15.816","6/2/2021 9:59:35 PM","1.1277","383.2","Middle","1266731","1.0023","-0.9487","Middle","761","1.0005","5.6667","Middle","737.7","0.0018","1.0316","0.0006","1.0523","-22.1026","Middle","124151.4","1.0206","0.0243","Top","28680.3","0.0317","4.3288","0.0980","0.0317","0.0201","1.0572","11.4624","Middle","199726.8","1.0804","1.3389","Middle","1216211.7","-0.0232","0.1642","0.1577","0.0183","-0.0799"
"KNC-USD","2.6647","6/2/2021 10:00:17 PM","1.1206","1.2445","Middle","21819773.4","1.0003","0.0094","Middle","495.6","0.9959","0.0007","Middle","3612","0.0044","0.1372","0.0000","1.0003","0.0094","Middle","495.6","0.9600","0.0646","Middle","504755.9","0.0403","0.0010","0.0000","0.0403","-0.0359","0.9887","0.2017","Middle","2589454.9","1.1372","1.3841","Middle","25152068","-0.1485","0.1030","0.1187","-0.0403","-0.1413"
"ATOM-USD","16.24","6/2/2021 10:27:39 PM","1.1559","0.1441","Top","1291883.4","1.0075","0.0089","Top","4632.9","1.0028","0.0068","Top","3731.8","0.0047","1.2415","0.0036","1.0322","0.0394","Top","66183.4","1.0516","2.1846","Middle","124717","-0.0194","0.5307","0.0512","-0.0194","0.0488","1.0998","0.1038","Top","275140.4","1.0804","0.9327","Middle","1216211.7","0.0194","0.2262","0.2130","0.0441","-0.0776"
"CRV-USD","2.5795","6/2/2021 10:28:09 PM","1.1950","0.1667","Top","15094822.15","1.0086","3.0253","Middle","24474.89","1.0022","0.0031","Top","8584.65","0.0064","2.8510","0.0016","1.0618","19.3544","Middle","398141.87","1.0390","0.5771","Middle","561710.37","0.0228","0.7088","0.0264","0.0228","0.0368","1.1018","35.6203","Middle","1829448.52","1.1382","1.4177","Middle","16861765.05","-0.0364","0.1085","0.1212","0.0304","-0.1360"
"GRT-USD","0.8059","6/2/2021 11:24:40 PM","1.0422","4.0391","Middle","16135902.72","1.0038","0.3735","Middle","18221.19","0.9981","0.2034","Middle","44682.3","0.0057","0.4078","0.0011","1.0249","2.6024","Middle","1388788.27","1.0107","0.3922","Middle","356033.02","0.0142","3.9007","0.0861","0.0142","0.0126","1.0577","6.7711","Middle","3591963.79","0.9936","0.5541","Middle","16054313.56","0.0641","0.2237","0.2226","0.0069","0.0045"
"NU-USD","0.3459","6/2/2021 11:54:29 PM","1.1438","2.0087","Middle","33260857.906602","1.0003","0.0003","Top","138.042956","0.9997","0.0395","Middle","5604.753294","0.0006","0.0246","0.0000","0.9676","0.0485","Middle","718995.436371","0.9903","0.2545","Middle","1516655.800402","-0.0227","0.4741","0.0216","-0.0227","-0.0094","1.0819","1.3568","Middle","18267917.500202","1.0515","0.5103","Middle","17654847.200666","0.0304","1.0347","0.5492","-0.0100","-0.0518"
"ALGO-USD","1.0392","6/3/2021 12:22:54 AM","1.1435","3.4936","Middle","42206008","0.9997","0","Bottom","533","1.0003","0.0071","Middle","20754","-0.0006","0.0257","0.0000","0.9926","0.1018","Middle","280769","1.0204","0.0203","Top","708122","-0.0278","0.3965","0.0067","-0.0278","0.0201","1.0188","0.8855","Middle","9472363","1.1390","2.4890","Middle","36298281","-0.1202","0.2610","0.2244","0.0207","-0.1387"
"TRB-USD","66.325","6/3/2021 12:23:37 AM","1.1055","3.0396","Middle","120697.412","1.0002","0.0002","Top","0.451","1.0023","0.0031","Top","82.476","-0.0021","0.0055","0.0000","0.9871","0.1338","Middle","2680.014","1.0052","0.4776","Middle","4826.611","-0.0181","0.5553","0.0222","-0.0181","0.0029","1.0303","1.9246","Middle","31156.891","1.0830","1.5252","Middle","102439.405","-0.0527","0.3041","0.2581","0.0050","-0.0807"
"KNC-USD","2.5669","6/3/2021 1:20:10 AM","1.1787","0.8092","Middle","21445291","1.0005","0.0024","Top","171.2","1.0001","0.0014","Middle","4626.7","0.0004","0.0370","0.0000","0.9965","0.0115","Middle","66704.9","0.9830","0.0102","Middle","245006","0.0135","0.2723","0.0031","0.0135","-0.0171","0.9546","0.0095","Middle","4038626","1.1372","1.3841","Middle","25152068","-0.1826","0.1606","0.1883","-0.0175","-0.1371"
"TRB-USD","69.037","6/3/2021 1:47:39 AM","1.1392","6.7832","Middle","125424.251","1.0000","0","Bottom","0.398","0.9992","0.1225","Middle","17.815","0.0008","0.0223","0.0000","0.9858","0.6473","Middle","3101.282","1.0418","13.5719","Middle","5976.658","-0.0560","0.5189","0.0247","-0.0560","0.0426","1.0613","3.0658","Middle","37385.332","1.0830","1.0539","Middle","102439.405","-0.0217","0.3650","0.2981","0.0418","-0.0838"
"DASH-USD","209.896","6/3/2021 1:49:11 AM","1.0736","22.8142","Middle","28465.53667593","1","0","Bottom","1.027","1.0003","0.3048","Middle","8.236","-0.0003","0.1247","0.0000","1.0035","2.6311","Middle","791.57551611","1.0075","1.4695","Middle","1336.02326733","-0.0040","0.5925","0.0278","-0.0040","0.0072","1.0382","15.1752","Middle","9503.58104552","1.0529","1.8411","Middle","23781.94278296","-0.0147","0.3996","0.3339","0.0075","-0.0526"
"ZRX-USD","1.203204","6/3/2021 2:45:00 AM","1.0821","3.9961","Middle","15553491.66885","1.0011","0.0578","Middle","4877.2104","1.0023","0.0023","Top","1189.38312","-0.0012","4.1006","0.0003","1.0224","1.0504","Middle","224536.57633","1.0024","0.2286","Middle","211241.83329","0.0200","1.0629","0.0144","0.0200","0.0001","1.0442","2.9665","Middle","3240965.635","1.1182","1.5183","Middle","24731721.99852","-0.0740","0.1310","0.2084","0.0013","-0.1159"
"TRB-USD","72.555","6/3/2021 2:45:17 AM","1.1547","68.3371","Middle","130992.889","1.0006","65","Middle","6.497","1.0041","0.0041","Top","36.398","-0.0035","0.1785","0.0000","1.0327","914.6667","Middle","5189.108","1.0048","0.9174","Middle","4433.98","0.0279","1.1703","0.0396","0.0279","0.0007","1.1295","3482.3333","Middle","44076.623","1.0830","0.7522","Middle","102439.405","0.0465","0.4303","0.3365","0.0042","-0.0789"
"NKN-USD","0.395","6/3/2021 2:45:31 AM","0.9892","2.4842","Middle","14810182.6","1.0028","0.0028","Top","3920","1.0008","0.0010","Top","2363.6","0.0020","1.6585","0.0003","1.0160","0.6863","Middle","509300.1","0.9931","0.0651","Middle","409592","0.0229","1.2434","0.0344","0.0229","-0.0077","1.0505","0.0612","Top","5450105.9","1.0027","0.5123","Middle","16644292.8","0.0478","0.3274","0.3680","-0.0097","-0.0019"
"ICP-USD","109.341","6/3/2021 2:46:17 AM","1.0260","1.8466","Middle","446551.4981","1","0","Bottom","1.9252","0.9991","0.0203","Middle","85.8948","0.0009","0.0224","0.0000","1.0101","0.3548","Middle","5739.0227","0.9916","0.1782","Middle","11889.7603","0.0185","0.4827","0.0129","0.0185","-0.0075","1.0131","1.1486","Middle","104632.9774","1.0029","1.1259","Middle","481204.9182","0.0102","0.2174","0.2343","-0.0084","-0.0038"
"EOS-USD","6.518","6/3/2021 3:42:00 AM","1.0278","12.0370","Middle","2384789.3","1","0","Bottom","28.2","1.0012","0.0012","Top","169","-0.0012","0.1669","0.0000","1.0045","1.4138","Middle","32710.5","1.0067","0.9683","Middle","34372.9","-0.0022","0.9516","0.0137","-0.0022","0.0055","1.0231","9.8966","Middle","788521.2","1.0087","1.6264","Middle","2715484.3","0.0144","0.2904","0.3306","0.0067","-0.0075"
"LRC-USD","0.3952","6/3/2021 3:42:33 AM","1.0289","3.9796","Middle","16870024.997208","1","0","Bottom","506","1","0","Bottom","78.352793","0","6.4580","0.0000","1.0059","0.625","Middle","149602.283484","1.0137","0.875","Middle","283229.068326","-0.0078","0.5282","0.0089","-0.0078","0.0137","1.0381","3.9796","Middle","6503352.199201","1.0160","1.0909","Middle","22178064.520571","0.0221","0.2932","0.3855","0.0137","-0.0160"
"FIL-USD","71.6393","6/3/2021 3:43:06 AM","1.0196","5.7702","Middle","189947.178","1.0007","0.0007","Top","88.077","1.0003","0.0493","Middle","10.539","0.0004","8.3572","0.0005","1.0049","1.5696","Middle","3954.699","1.0003","0.3993","Middle","13541.585","0.0046","0.2920","0.0208","0.0046","0.0000","1.0242","6.7225","Middle","71949.481","1.0131","0.9547","Middle","218247.689","0.0111","0.3297","0.3788","-0.0004","-0.0128"
"ICP-USD","111.678","6/3/2021 4:11:29 AM","1.0752","6.8827","Middle","428956.3362","1.0033","0.2416","Middle","566.6269","1.0020","0.0024","Top","40.5963","0.0013","13.9576","0.0013","1.0088","0.8797","Middle","2324.7478","0.9921","0.0954","Middle","13130.8069","0.0167","0.1770","0.0054","0.0167","-0.0099","1.0340","4.5865","Middle","124822.4295","1.0029","1.1259","Middle","481204.9182","0.0311","0.2594","0.2910","-0.0112","-0.0009"
"FIL-USD","74.0625","6/3/2021 4:11:35 AM","1.0628","251.8906","Middle","189979.971","1.0005","2.9924","Middle","433.988","1.0078","3.6081","Middle","3077.026","-0.0073","0.1410","0.0023","1.0252","159.5496","Middle","9484.178","1.0115","0.5295","Middle","5674.171","0.0137","1.6715","0.0499","0.0137","0.0037","1.0349","0.0416","Top","75132.443","1.0131","0.4746","Middle","218247.689","0.0218","0.3443","0.3955","0.0110","-0.0053"
"GRT-USD","0.8375","6/3/2021 4:40:10 AM","1.0717","55.5333","Middle","20111539.74","1.0010","0.0013","Top","2372.56","0.9999","0.375","Middle","7027.41","0.0011","0.3376","0.0001","1.0079","15.7143","Middle","307719.1","1.0127","1.6027","Middle","519845.75","-0.0048","0.5919","0.0153","-0.0048","0.0128","1.0941","120.1429","Middle","9290533.62","0.9936","0.4","Middle","16054313.56","0.1005","0.5787","0.4620","0.0117","0.0063"
"CRV-USD","2.4494","6/3/2021 6:04:27 AM","1.0111","0.5472","Middle","13019095.86","1.0004","0.0004","Top","63.64","1.0011","0.0011","Top","956.32","-0.0007","0.0665","0.0000","0.9940","0.0043","Middle","15423.12","0.9701","0.0577","Middle","358696.03","0.0239","0.0430","0.0012","0.0239","-0.0310","1.0492","0.5271","Middle","6449038.15","1.1382","0.8385","Middle","16861765.05","-0.0890","0.3825","0.4954","-0.0303","-0.1371"
"KNC-USD","2.5335","6/3/2021 6:04:59 AM","1.0574","0.2559","Middle","20377952.9","0.9974","0","Bottom","2168.8","1.0052","0.0244","Middle","4423","-0.0078","0.4903","0.0001","1.0045","0.0279","Middle","21238.6","0.9607","0","Bottom","279438.9","0.0438","0.0760","0.0010","0.0438","-0.0445","0.9422","0.0264","Middle","5069185.4","1.1372","1.3841","Middle","25152068","-0.1950","0.2015","0.2488","-0.0367","-0.1320"
"ATOM-USD","15.992","6/3/2021 6:05:05 AM","1.0794","1.4471","Middle","1553221.3","1.0031","0.0635","Middle","537.1","1.0017","0.0319","Middle","78.1","0.0014","6.8771","0.0003","0.9956","0.0507","Middle","4461.2","0.9761","0.1724","Middle","44498.9","0.0195","0.1003","0.0029","0.0195","-0.0256","1.0729","1.3174","Middle","748443.4","1.0804","0.6169","Middle","1216211.7","-0.0075","0.6154","0.4819","-0.0270","-0.0787"
"MANA-USD","0.866","6/3/2021 6:05:17 AM","1.0249","0.7436","Middle","7015171.5","0.9988","0","Bottom","2736.49","1","0","Bottom","4087.46","-0.0012","0.6695","0.0004","0.9920","0","Bottom","12602.35","0.9679","0.1613","Middle","362213.37","0.0241","0.0348","0.0018","0.0241","-0.0321","1.0117","0.6667","Middle","3122468.65","1.0337","1.0426","Middle","6841925.16","-0.0220","0.4564","0.4451","-0.0309","-0.0337"
"TRB-USD","71.635","6/3/2021 6:33:42 AM","1.1334","2.2734","Middle","138881.544","0.9997","0","Bottom","316.78","0.9955","0.0215","Middle","70.132","0.0042","4.5169","0.0023","1.0115","0.3823","Middle","2267.199","0.9762","0.1208","Middle","7669.614","0.0353","0.2956","0.0163","0.0353","-0.0193","1.1132","2.3071","Middle","67986.943","1.0830","0.5542","Middle","102439.405","0.0302","0.6637","0.4895","-0.0235","-0.0875"
"UMA-USD","14.633","6/3/2021 7:03:36 AM","1.0281","1.5288","Middle","194514.247","1.0001","0.0182","Middle","51.444","1.0007","0.0007","Top","170.559","-0.0006","0.3016","0.0003","0.9998","0.4058","Middle","4123.137","0.9785","0.1824","Middle","7360.086","0.0213","0.5602","0.0212","0.0213","-0.0222","1.0421","1.5749","Middle","91071.794","1.0236","0.7910","Middle","208602.371","0.0185","0.4366","0.4682","-0.0216","-0.0229"
"CRV-USD","2.4539","6/3/2021 8:28:44 AM","1.0037","0.5708","Middle","11767616.89","1","0","Bottom","46.04","0.9999","0.0054","Middle","1290.52","0.0001","0.0357","0.0000","0.9939","0.0281","Middle","51817.22","0.9765","0.0587","Middle","266308.06","0.0174","0.1946","0.0044","0.0174","-0.0234","1.0457","0.4866","Middle","6914445.29","1.1382","0.8385","Middle","16861765.05","-0.0925","0.4101","0.5876","-0.0235","-0.1383"
"FIL-USD","76.0218","6/3/2021 8:29:03 AM","1.0704","2.4252","Middle","343239.8","0.9987","0.0651","Middle","1065.709","0.9999","0","Bottom","51.496","-0.0012","20.6950","0.0031","1.0068","0.1975","Middle","16610.528","0.9854","0.2183","Middle","41237.373","0.0214","0.4028","0.0484","0.0214","-0.0145","1.0860","2.4593","Middle","270217.924","1.0131","0.2202","Middle","218247.689","0.0729","1.2381","0.7873","-0.0133","-0.0132"
"FIL-USD","77.9914","6/3/2021 8:57:59 AM","1.0981","11.5419","Middle","368458.015","0.9950","0.0056","Middle","1159.977","0.9995","0.2799","Middle","1273.6","-0.0045","0.9108","0.0031","1.0320","3.1427","Middle","42614.178","0.9854","0.2183","Middle","41237.373","0.0466","1.0334","0.1157","0.0466","-0.0141","1.1126","10.2633","Middle","294795.998","1.0131","0.2202","Middle","218247.689","0.0995","1.3507","0.8001","-0.0096","-0.0136"
"NU-USD","0.3412","6/3/2021 9:27:12 AM","1.0573","0.9674","Middle","36458406.784229","1","0.0036","Middle","2553.868888","1.0104","0.1268","Middle","71161.537985","-0.0104","0.0359","0.0001","1.0062","0.2509","Middle","382032.494539","1.0098","0.2439","Middle","680969.33767","-0.0036","0.5610","0.0105","-0.0036","-0.0006","1.0663","0.9314","Middle","25390632.62631","1.0515","0.5103","Middle","17654847.200666","0.0148","1.4382","0.6964","0.0098","-0.0411"
"STORJ-USD","1.1664","6/3/2021 9:27:28 AM","1.0128","0.4486","Middle","8705891.94","0.9998","0","Bottom","51.27","1.0005","0.0062","Middle","4547.52","-0.0007","0.0113","0.0000","0.9983","0.0264","Middle","72568.97","0.9962","0.0757","Middle","354406.99","0.0021","0.2048","0.0083","0.0021","-0.0043","0.9804","0.2796","Middle","4096968.53","1.1262","2.0240","Middle","14615579.01","-0.1458","0.2803","0.4706","-0.0036","-0.1257"
"STORJ-USD","1.2151","6/3/2021 9:54:44 AM","1.0550","1.9031","Middle","9379733.3","1.0035","0.0984","Middle","12327.17","1.0005","0.0384","Middle","45252.02","0.0030","0.2724","0.0013","1.0470","1.4245","Middle","790809.69","0.9962","0.0757","Middle","354406.99","0.0508","2.2314","0.0843","0.0508","-0.0043","1.0185","1.4391","Middle","4787148.54","1.1262","2.0240","Middle","14615579.01","-0.1077","0.3275","0.5104","-0.0073","-0.1257"
"UMA-USD","14.711","6/3/2021 9:54:46 AM","1.0203","1.375","Middle","205134.966","0.9991","0","Bottom","30.822","1.0003","0.0130","Middle","42.466","-0.0012","0.7258","0.0002","0.9959","0.0016","Middle","13655.921","1.0065","0.1696","Middle","23578.255","-0.0106","0.5792","0.0666","-0.0106","0.0062","1.0465","1.3446","Middle","152390.524","1.0236","0.6744","Middle","208602.371","0.0229","0.7305","0.7429","0.0074","-0.0233"
"FIL-USD","83.3117","6/3/2021 9:54:56 AM","1.1650","6.0707","Middle","504615.199","1.0017","0.0764","Middle","828.662","1.0032","0.1299","Middle","1362.383","-0.0015","0.6082","0.0016","1.0678","2.6147","Middle","147932.745","1.0331","0.3337","Middle","44017.481","0.0347","3.3608","0.2932","0.0347","0.0299","1.1911","6.3733","Middle","445557.622","1.0131","0.1230","Middle","218247.689","0.1780","2.0415","0.8830","0.0314","-0.0099"
"UNI-USD","27.9951","6/3/2021 10:23:54 AM","0.9921","0.7871","Middle","785936.37368","1.0022","0.0022","Top","237.979554","0.9972","0.0093","Middle","397.571995","0.0050","0.5986","0.0003","1.0070","0.0129","Top","7097.582744","0.9953","0.1686","Middle","36882.342811","0.0117","0.1924","0.0090","0.0117","-0.0019","1.0176","0.9233","Middle","644811.002492","1.0070","0.7145","Middle","781304.286441","0.0106","0.8253","0.8204","-0.0069","-0.0098"
"GRT-USD","0.87","6/3/2021 10:24:03 AM","1.0965","4.6694","Middle","26672061.65","1.0057","0.2076","Middle","48563.13","0.9997","0.0176","Middle","10933.23","0.0060","4.4418","0.0018","1.0066","0.4566","Middle","384844.91","1.0083","0.3354","Middle","1245476.94","-0.0017","0.3090","0.0144","-0.0017","0.0086","1.1370","4.9576","Middle","21282884.96","0.9936","0.2267","Middle","16054313.56","0.1434","1.3257","0.7979","0.0026","0.0061"
"ICP-USD","110.931","6/3/2021 10:24:07 AM","1.0060","1.0966","Middle","370618.1189","0.9985","0.0048","Middle","226.3741","1.0017","0.0327","Middle","678.7935","-0.0032","0.3335","0.0006","1.0012","0.2806","Middle","7778.9041","1.0073","0.2635","Middle","14272.2489","-0.0061","0.5450","0.0210","-0.0061","0.0056","1.0229","0.8965","Middle","238933.7059","1.0029","0.6905","Middle","481204.9182","0.0200","0.4965","0.6447","0.0088","-0.0012"
"TRB-USD","70.382","6/3/2021 10:24:21 AM","1.0520","1.5093","Middle","128955.525","1","0","Bottom","2.325","1.0010","0.0133","Middle","27.8","-0.0010","0.0836","0.0000","1.0096","0.2820","Middle","2314.24","0.9850","0.0961","Middle","3735.159","0.0246","0.6196","0.0179","0.0246","-0.0160","1.0947","1.5589","Middle","85521.866","1.0830","0.5542","Middle","102439.405","0.0117","0.8349","0.6632","-0.0150","-0.0820"
"ZEC-USD","168.85","6/3/2021 10:24:26 AM","1.0253","1.4216","Middle","35970.90138307","1","0","Bottom","0.3068","1.0006","0.0207","Middle","2.73063","-0.0006","0.1124","0.0000","1.0026","0.2850","Middle","633.83838007","1.0008","0.2489","Middle","2068.63185392","0.0018","0.3064","0.0176","0.0018","0.0002","1.0277","1.3599","Middle","26713.16380604","1.0647","1.4238","Middle","33949.64325847","-0.0370","0.7868","0.7426","0.0008","-0.0641"
"ALGO-USD","1.0886","6/3/2021 10:24:46 AM","1.1510","24.0667","Middle","48703084","1.0001","0.0011","Top","24562","1.0041","0.8491","Middle","47295","-0.0040","0.5193","0.0005","1.0031","2.5385","Middle","709518","1.0369","4.3261","Middle","2285445","-0.0338","0.3105","0.0146","-0.0338","0.0328","1.0686","18.6087","Middle","22937159","1.1390","1.9547","Middle","36298281","-0.0704","0.6319","0.4710","0.0368","-0.1349"
"BAND-USD","8.8479","6/3/2021 10:25:11 AM","1.0062","0.6664","Middle","746276.64","0.9999","0","Bottom","97.59","0.9981","0.0081","Middle","949.21","0.0018","0.1028","0.0001","0.9988","0.1605","Middle","4960.32","0.9941","0.0995","Middle","13144.46","0.0047","0.3774","0.0066","0.0047","-0.0040","1.0328","0.6651","Middle","521128.22","1.0017","0.4795","Middle","715793.63","0.0311","0.7280","0.6983","-0.0058","-0.0036"
"ICP-USD","114.079","6/3/2021 10:55:20 AM","1.0345","4.1368","Middle","390754.4656","0.9996","0.1492","Middle","399.3676","1.0004","0.0212","Middle","151.5667","-0.0008","2.6349","0.0010","1.0257","1.8549","Middle","28260.1715","1.0073","0.2635","Middle","14272.2489","0.0184","1.9801","0.0723","0.0184","0.0069","1.0565","4.0023","Middle","261199.4283","1.0029","0.6905","Middle","481204.9182","0.0536","0.5428","0.6684","0.0077","-0.0025"
"ICP-USD","118.862","6/3/2021 11:24:39 AM","1.0951","99.7391","Middle","393699.7787","0.9983","-2.3648","Middle","2409.486","1.0064","-2.3060","Middle","1163.7461","-0.0081","2.0705","0.0061","1.0408","-32.8239","Middle","25915.0679","1.0295","0.9958","Middle","29402.8591","0.0113","0.8814","0.0658","0.0113","0.0231","1.0911","10.1964","Middle","281562.7131","1.0029","0.5203","Middle","481204.9182","0.0882","0.5851","0.7152","0.0312","0.0035"
"ICP-USD","128.107","6/3/2021 11:53:45 AM","1.1802","5.2186","Middle","510917.6409","0.9972","0.0250","Middle","479.6498","1.0022","0.0953","Middle","1481.8563","-0.0050","0.3237","0.0009","1.1169","3.0086","Middle","140893.3076","1.0295","0.2509","Middle","29402.8591","0.0874","4.7918","0.2758","0.0874","0.0273","1.1849","4.9055","Middle","403235.4235","1.0029","0.2352","Middle","481204.9182","0.1820","0.8380","0.7892","0.0323","-0.0007"
"ATOM-USD","16.475","6/3/2021 1:19:58 PM","1.0953","3.9513","Middle","1350970.1","1.0010","0.0419","Middle","192.4","1.0005","0.0169","Middle","209.7","0.0005","0.9175","0.0001","1.0005","0.4084","Middle","21445.9","0.9982","0.4398","Middle","61656.8","0.0023","0.3478","0.0159","0.0023","-0.0023","1.1087","4.0442","Middle","1237650.9","1.0804","0.6169","Middle","1216211.7","0.0283","1.0176","0.9161","-0.0028","-0.0799"
"NU-USD","0.3339","6/3/2021 1:48:48 PM","1.0177","0.5559","Middle","33493525.806912","1","0","Bottom","149","1","0.0003","Top","1906.339729","0","0.0782","0.0000","0.9855","0.0549","Middle","664751.126452","0.9898","0.0717","Middle","1210155.085328","-0.0043","0.5493","0.0198","-0.0043","-0.0102","1.0447","0.5462","Middle","30058340.026195","1.0515","0.5103","Middle","17654847.200666","-0.0068","1.7026","0.8974","-0.0102","-0.0515"
"BAT-USD","0.809","6/3/2021 2:17:23 PM","0.9988","0.5366","Middle","4298032.67","1.0012","0.0012","Top","1179.79","1","0","Bottom","6674.31","0.0012","0.1768","0.0003","0.9975","0.0244","Middle","38928.47","0.9975","0.0769","Middle","94155.19","0.0000","0.4135","0.0091","0.0000","-0.0025","1.0138","0.5366","Middle","3315903.3","1.0683","1.2692","Middle","6430697.28","-0.0545","0.5156","0.7715","-0.0037","-0.0683"
"ICP-USD","126.234","6/3/2021 2:18:23 PM","1.1933","1.9011","Middle","638355.9059","1.0003","0.0111","Middle","63.7831","1.0036","0.0047","Top","176.3404","-0.0033","0.3617","0.0001","1.0093","0.1176","Middle","9773.1805","1.0010","0.1209","Middle","50506.2374","0.0083","0.1935","0.0153","0.0083","-0.0026","1.1704","1.9187","Middle","589637.195","1.0029","0.1967","Middle","481204.9182","0.1675","1.2253","0.9237","0.0007","0.0007"
"SUSHI-USD","12.858","6/3/2021 2:45:30 PM","1.0140","0.9470","Middle","910904.89","0.9994","0.0016","Middle","424.84","1.0023","0.0025","Top","149.13","-0.0029","2.8488","0.0005","1.0031","0.2003","Middle","17548.72","1.0041","0.0802","Middle","37537.51","-0.0010","0.4675","0.0193","-0.0010","0.0018","1.0289","1.0525","Middle","852736.12","1.0384","0.9226","Middle","964945.04","-0.0095","0.8837","0.9361","0.0047","-0.0361"
"DOGE-USD","0.3947","6/3/2021 2:47:18 PM","0.8096","0.1810","Middle","89916334.4","0.9949","0","Bottom","209144.2","0.9992","0.0022","Middle","76919","-0.0043","2.7190","0.0023","0.9970","0","Bottom","7220292.7","1.0311","0.1487","Middle","15276987.3","-0.0341","0.4726","0.0803","-0.0341","0.0319","0.8055","0.1561","Middle","90125478.6","0.8055","0.1561","Middle","90125478.6","0.0000","1","1.0023","0.0362","0.1937"
"FIL-USD","89.88","6/3/2021 3:15:16 PM","1.2778","7.9514","Middle","920454.568","1.0005","0.0005","Top","73.171","1.0005","0.0007","Top","97.419","0.0000","0.7511","0.0001","0.9938","0.1852","Middle","7986.029","0.9868","0.9165","Middle","53300.844","0.0070","0.1498","0.0087","0.0070","-0.0137","1.2845","8.1775","Middle","904491.443","1.0131","0.0853","Middle","218247.689","0.2714","4.1443","0.9827","-0.0137","-0.0126"
"GRT-USD","0.9148","6/3/2021 4:11:53 PM","1.1952","4.8520","Middle","39694785.99","0.9971","0.0497","Middle","81182.92","0.9979","0.0349","Middle","27081.32","-0.0008","2.9977","0.0020","0.9976","0.0497","Middle","300280.16","0.9840","0.0031","Middle","2137295.6","0.0136","0.1405","0.0076","0.0136","-0.0139","1.1960","5.1492","Middle","39181456.08","0.9936","0.1605","Middle","16054313.56","0.2024","2.4406","0.9871","-0.0131","0.0043"
"NU-USD","0.3395","6/3/2021 4:40:34 PM","1.0456","0.8259","Middle","32185968.929682","1","0","Bottom","11.766587","0.9997","0","Bottom","4646.469247","0.0003","0.0025","0.0000","1.0189","0.2248","Middle","449534.222472","0.9708","0","Bottom","546458.40291","0.0481","0.8226","0.0140","0.0481","-0.0289","1.0597","0.7953","Middle","31588852.724484","1.0515","0.5103","Middle","17654847.200666","0.0082","1.7892","0.9814","-0.0292","-0.0518"
"CTSI-USD","0.7417","6/3/2021 4:41:41 PM","1.0477","2.5371","Middle","6436073.6","1.0001","0.0001","Top","178.1","0.9985","0","Bottom","162.5","0.0016","1.096","0.0000","1.0060","0.2931","Middle","127122.6","0.9982","0.1256","Middle","275541.8","0.0078","0.4614","0.0198","0.0078","-0.0003","1.0402","2.2579","Middle","6366695.6","1.0418","1.1484","Middle","13421776.2","-0.0016","0.4744","0.9892","-0.0019","-0.0433"
"CTSI-USD","0.7584","6/3/2021 5:10:49 PM","1.0658","76.375","Middle","6615798.8","0.9960","0","Bottom","32.4","1.0012","0.0051","Top","7701.1","-0.0052","0.0042","0.0000","1.0119","2.7105","Middle","85287.6","1.0168","0.0175","Top","288578.7","-0.0049","0.2955","0.0129","-0.0049","0.0156","1.0616","15.2895","Middle","6615818.9","1.0418","1.1484","Middle","13421776.2","0.0198","0.4929","1.0000","0.0208","-0.0406"
"ENJ-USD","1.655","6/3/2021 6:38:22 PM","1.0595","2.2264","Middle","4027478.63","1","0","Bottom","126.08","0.9994","0.0364","Middle","8672.31","0.0006","0.0145","0.0000","1.0067","0.2075","Middle","630557.32","1.0080","0.3065","Middle","169244.24","-0.0013","3.7257","0.1566","-0.0013","0.0086","1.0061","0.1852","Middle","646692.37","1.0457","1.7581","Middle","3496346.33","-0.0396","0.1850","0.1606","0.0080","-0.0463"
"FIL-USD","88.3373","6/3/2021 8:03:35 PM","1.2603","3.2072","Middle","1195411.35","0.9994","0","Bottom","18.932","1.0002","0.0028","Top","781.812","-0.0008","0.0242","0.0000","0.9940","0.0183","Middle","1825.057","0.9929","0.8257","Middle","90150.403","0.0011","0.0202","0.0015","0.0011","-0.0073","0.9874","0.6347","Middle","134609.835","1.2778","4.3827","Middle","1081874.025","-0.2904","0.1244","0.1126","-0.0065","-0.2776"
"STORJ-USD","1.1326","6/3/2021 8:03:37 PM","0.9808","0.0336","Middle","8574016.16","1.0003","0.0003","Top","1063.1","1.0027","0.0185","Middle","6173.42","-0.0024","0.1722","0.0001","0.9936","0.0149","Middle","18044.78","0.9620","0.0914","Middle","804331.64","0.0316","0.0224","0.0021","0.0316","-0.0407","0.9285","0.0446","Middle","1161424.53","1.0224","0.9098","Middle","8973717.18","-0.0939","0.1294","0.1355","-0.0383","-0.0197"
"NU-USD","0.3216","6/3/2021 8:04:21 PM","0.9199","0.1398","Middle","26046910.49122","1","0","Bottom","70.454854","1.0012","0.0025","Top","8129.801828","-0.0012","0.0087","0.0000","0.9490","0.1956","Middle","2148664.723693","0.9853","0.0755","Middle","589479.888426","-0.0363","3.6450","0.0825","-0.0363","-0.0159","0.9295","0.1423","Middle","2805330.850316","1.0800","1.2961","Middle","34366406.84508","-0.1505","0.0816","0.1077","-0.0147","-0.0788"
"MKR-USD","3531.8276","6/3/2021 8:32:25 PM","0.9904","0.2971","Middle","3747.827606","1.0048","0.0048","Top","5.709601","0.9978","0.0039","Middle","3.332599","0.0070","1.7133","0.0015","0.9897","0.1609","Middle","130.140923","0.9797","0.2119","Middle","328.966132","0.0100","0.3956","0.0347","0.0100","-0.0181","0.9644","0.2982","Middle","614.247424","1.0282","2.1018","Middle","3553.656266","-0.0638","0.1728","0.1639","-0.0251","-0.0304"
"KNC-USD","2.2944","6/3/2021 8:32:30 PM","0.8296","0.0624","Middle","8911131.6","0.9991","0","Bottom","7766.8","0.9986","0.0055","Middle","328","0.0005","23.6793","0.0009","0.9963","0.0632","Middle","229742.8","0.9761","0.0459","Middle","511213.4","0.0202","0.4494","0.0258","0.0202","-0.0225","0.9564","0.0752","Middle","1171925.9","0.8967","0.0681","Middle","9823039.1","0.0597","0.1193","0.1315","-0.0230","0.1019"
"ICP-USD","117.431","6/3/2021 8:33:10 PM","1.1065","0.5767","Middle","771154.2182","0.9984","0.0118","Middle","149.0826","1.0053","0.0351","Middle","1347.1345","-0.0069","0.1107","0.0002","0.9895","0.1405","Middle","14169.3283","0.9748","0.1878","Middle","41603.5033","0.0147","0.3406","0.0184","0.0147","-0.0305","0.9368","0.1438","Middle","78592.786","1.1545","1.5253","Middle","724551.2284","-0.2177","0.1085","0.1019","-0.0236","-0.1492"
"FIL-USD","91.6793","6/3/2021 8:34:10 PM","1.3080","9.1585","Middle","1229945.756","1.0058","0.0058","Top","849.044","0.9983","0.0081","Middle","270.795","0.0075","3.1354","0.0007","1.0374","2.8894","Middle","37724.196","0.9929","0.8257","Middle","90150.403","0.0445","0.4185","0.0307","0.0445","-0.0054","1.0313","4.1772","Middle","170235.378","1.2778","4.3827","Middle","1081874.025","-0.2465","0.1574","0.1384","-0.0129","-0.2795"
"STORJ-USD","1.1624","6/3/2021 9:02:23 PM","0.9856","0.35","Middle","9021300.79","0.9984","0.0099","Middle","12780.3","1.0002","0.0065","Middle","26762.98","-0.0018","0.4775","0.0014","0.9985","0.0099","Middle","39543.28","1.0187","0.3558","Middle","565678.68","-0.0202","0.0699","0.0044","-0.0202","0.0185","0.9481","0.3125","Middle","1676842.02","1.0224","0.9098","Middle","8973717.18","-0.0743","0.1869","0.1859","0.0203","-0.0222"
"NU-USD","0.3942","6/3/2021 9:02:39 PM","1.0911","2.7123","Middle","35872461.585743","1.0038","0.096","Middle","16176.763596","1.0203","0.3244","Middle","106996.651029","-0.0165","0.1512","0.0005","1.0028","0.2087","Middle","367334.643839","1.2286","2.9962","Middle","14559328.413139","-0.2258","0.0252","0.0102","-0.2258","0.2083","1.1500","3.2677","Middle","17664807.669097","1.0800","0.3877","Middle","34366406.84508","0.0700","0.5140","0.4924","0.2248","-0.0597"
"UMA-USD","15.409","6/3/2021 9:02:41 PM","1.0813","5.0901","Middle","417706.658","0.9958","0","Bottom","1005.762","0.9992","0.3133","Middle","1337.626","-0.0034","0.7519","0.0024","0.9967","0","Bottom","3444.668","1.0144","1.1234","Middle","51745.581","-0.0177","0.0666","0.0082","-0.0177","0.0152","1.0459","1.8306","Middle","134996.271","1.0395","0.7146","Middle","305754.869","0.0064","0.4415","0.3232","0.0186","-0.0403"
"MKR-USD","3714.628","6/3/2021 9:02:45 PM","1.0297","28.2078","Middle","4245.140742","1","0","Bottom","0.929647","1.0001","0.0496","Middle","27.196506","-0.0001","0.0342","0.0002","1.0050","4.6176","Middle","107.366321","1.0424","8.2569","Middle","705.712843","-0.0374","0.1521","0.0253","-0.0374","0.0423","1.0152","49.4028","Middle","1272.619645","1.0282","2.1018","Middle","3553.656266","-0.0130","0.3581","0.2998","0.0424","-0.0281"
"UMA-USD","15.751","6/3/2021 9:30:02 PM","1.1053","18.8642","Middle","451535.402","1.0032","11.1538","Middle","3308.003","1.0033","0.0051","Top","723.319","-0.0001","4.5734","0.0073","1.0322","54.8462","Middle","39557.572","1.0144","0.7016","Middle","51745.581","0.0178","0.7645","0.0876","0.0178","0.0111","1.0673","4.0453","Middle","155337.029","1.0395","0.6039","Middle","305754.869","0.0278","0.5080","0.3440","0.0112","-0.0362"
"NU-USD","0.4181","6/3/2021 9:30:26 PM","1.1572","19.4528","Middle","39681570.481231","0.9995","0","Bottom","263.391304","1.0050","0.0074","Top","33847.844573","-0.0055","0.0078","0.0000","1.0572","9.3421","Middle","4036420.25296","1.2286","2.9962","Middle","14559328.413139","-0.1714","0.2772","0.1017","-0.1714","0.2236","1.2025","14.0556","Middle","21098180.898228","1.0800","0.3877","Middle","34366406.84508","0.1225","0.6139","0.5317","0.2291","-0.0750"
"ICP-USD","118.793","6/3/2021 9:59:11 PM","1.1088","0.6729","Middle","801075.4053","1.0054","0.0054","Top","298.9885","0.9991","0","Bottom","55.1102","0.0063","5.4253","0.0004","0.9955","0.1481","Middle","27048.5826","1.0157","0.0500","Top","28882.9982","-0.0202","0.9365","0.0338","-0.0202","0.0166","0.9568","0.3006","Middle","119218.834","1.1545","1.5253","Middle","724551.2284","-0.1977","0.1645","0.1488","0.0103","-0.1554"
"SKL-USD","0.394","6/3/2021 10:00:02 PM","0.9277","0.1947","Middle","29994655","1.0023","0.0199","Middle","9507","1.0018","0.0174","Middle","12164.9","0.0005","0.7815","0.0003","1.0010","0.1173","Middle","1544165.1","0.9980","0.1842","Middle","2701684","0.0030","0.5716","0.0515","0.0030","-0.0038","0.9283","0.1538","Middle","9156255.3","1.0038","0.7857","Middle","25639338","-0.0755","0.3571","0.3053","-0.0043","-0.0020"
"UMA-USD","16.864","6/3/2021 10:00:06 PM","1.1834","51.7843","Middle","537094.453","1.0008","0.0008","Top","12.217","1.0019","0.1524","Middle","4189.971","-0.0011","0.0029","0.0000","1.0991","24.8429","Middle","122873.607","1.0144","0.2234","Middle","51745.581","0.0847","2.3746","0.2288","0.0847","0.0125","1.1533","31.9857","Middle","254425.21","1.0395","0.3208","Middle","305754.869","0.1138","0.8321","0.4737","0.0136","-0.0376"
"NU-USD","0.3735","6/3/2021 11:52:31 PM","1.0789","0.78","Middle","57297122.51372","1.0008","0.0274","Middle","128699.878185","1.0021","0.0753","Middle","156521.246931","-0.0013","0.8223","0.0022","0.9260","0.1337","Middle","5646354.845304","0.9222","0.2590","Middle","6901866.850533","0.0038","0.8181","0.0985","0.0038","-0.0799","1.0835","0.8163","Middle","41301425.606447","1.0800","0.2932","Middle","34366406.84508","0.0035","1.2018","0.7208","-0.0786","-0.0779"
"UMA-USD","16.035","6/3/2021 11:52:38 PM","1.1053","0.8884","Middle","826695.612","1.0076","0.0075","Top","1012.222","0.9947","0.0253","Middle","592.326","0.0129","1.7089","0.0012","0.9236","0.1791","Middle","103397.861","1.0390","2","Middle","197883.309","-0.1154","0.5225","0.1251","-0.1154","0.0443","1.1082","0.9045","Middle","555706.38","1.0395","0.2225","Middle","305754.869","0.0687","1.8175","0.6722","0.0314","-0.0448"
"BAT-USD","0.75","6/3/2021 11:53:02 PM","0.9058","0.03","Middle","5204725.75","1","0.0013","Top","1302.8","1","0.0040","Top","584.11","0","2.2304","0.0003","0.9617","0.0729","Middle","343761.29","0.9924","0.0294","Middle","71053.47","-0.0307","4.8381","0.0660","-0.0307","-0.0076","0.9073","0.0729","Middle","1692657.6","1.0414","2.3158","Middle","4549984.36","-0.1341","0.3720","0.3252","-0.0076","-0.0414"
"TRB-USD","62.6","6/3/2021 11:53:30 PM","0.9315","0.0388","Middle","125378.064","0.9967","0","Bottom","16.133","0.9985","0","Bottom","1.291","-0.0018","12.4965","0.0001","0.9557","0.0388","Middle","3794.851","1.0055","0.1095","Middle","854.279","-0.0498","4.4422","0.0303","-0.0498","0.0070","0.8859","0.0388","Middle","27625.964","1.0944","1.5468","Middle","126228.977","-0.2085","0.2189","0.2203","0.0088","-0.0959"
"DASH-USD","183.989","6/4/2021 1:17:58 AM","0.8775","0.0008","Middle","23262.7750455","1.0003","0.0021","Middle","34.58321276","0.9981","0.0008","Middle","44.97754887","0.0022","0.7689","0.0015","0.9729","0.0021","Middle","1382.97549546","0.9912","0.0605","Middle","1244.81092396","-0.0183","1.1110","0.0595","-0.0183","-0.0069","0.8760","0.0021","Middle","9583.65046702","1.0390","2.0216","Middle","23367.19820667","-0.1630","0.4101","0.4120","-0.0091","-0.0409"
"LINK-USD","27.68589","6/4/2021 1:18:00 AM","0.8784","0.0160","Middle","3278707.96","0.9958","0","Bottom","1147.42","0.9992","0.0095","Middle","1717.66","-0.0034","0.6680","0.0003","0.9816","0.0191","Middle","63517.55","0.9861","0.0900","Middle","178833.12","-0.0045","0.3552","0.0194","-0.0045","-0.0131","0.8661","0.0565","Middle","1703856.47","1.0503","3.2941","Middle","2150880.03","-0.1842","0.7922","0.5197","-0.0097","-0.0511"
"BAND-USD","8.0505","6/4/2021 1:18:11 AM","0.8920","0.0290","Middle","861971.36","1.0027","0.0236","Middle","8654.08","0.9957","0.0004","Middle","809.54","0.0070","10.6901","0.0100","0.9913","0.0236","Middle","48556.64","0.9973","0.0701","Middle","56826.08","-0.0060","0.8545","0.0563","-0.0060","0.0016","0.8810","0.0236","Middle","343250.89","1.0658","2.1413","Middle","729890.76","-0.1848","0.4703","0.3982","-0.0054","-0.0701"
"DOGE-USD","0.3577","6/4/2021 1:18:15 AM","0.7337","0.0108","Middle","435826863.1","1","0.0011","Top","11433.2","1.0006","0.0077","Middle","218318.4","-0.0006","0.0524","0.0000","0.9755","0.0131","Middle","4218348.5","0.9719","0.0487","Middle","15967778.5","0.0036","0.2642","0.0097","0.0036","-0.0287","0.8917","0.0131","Middle","245749615.3","0.8236","0.2744","Middle","190111721.7","0.0681","1.2927","0.5639","-0.0281","0.1770"
"GRT-USD","0.781","6/4/2021 1:18:19 AM","0.9543","0.0215","Middle","57556962.22","0.9975","0.0029","Middle","26838.12","0.9963","0.0006","Middle","26686.17","0.0012","1.0057","0.0005","0.9558","0.0125","Middle","1108515.19","1","0.0816","Middle","1383599.35","-0.0442","0.8012","0.0193","-0.0442","0.0037","0.8403","0.0705","Middle","19143529.99","1.2411","9.3223","Middle","45791569.5","-0.4008","0.4181","0.3326","0.0025","-0.2448"
"ETC-USD","61.844","6/4/2021 1:18:21 AM","0.8937","0.0222","Middle","552270.2338509","0.9984","0.0063","Middle","125.26789462","1.0003","0.0227","Middle","1671.44712131","-0.0019","0.0749","0.0002","0.9713","0.0096","Middle","20880.42881274","0.9910","0.0492","Middle","30969.59317299","-0.0197","0.6742","0.0378","-0.0197","-0.0093","0.8842","0.0096","Middle","258916.68476982","1.0225","0.9309","Middle","392052.23623031","-0.1383","0.6604","0.4688","-0.0074","-0.0222"
"UNI-USD","25.5081","6/4/2021 1:18:25 AM","0.8967","0.0185","Middle","1005326.201605","0.9975","0","Bottom","652.557942","1.0024","0.0212","Middle","1832.274543","-0.0049","0.3561","0.0006","0.9841","0.0159","Middle","22455.940609","0.9951","0.1020","Middle","64338.861557","-0.0110","0.3490","0.0223","-0.0110","-0.0073","0.8877","0.0054","Middle","475867.053461","1.0389","2.5248","Middle","841521.618415","-0.1512","0.5655","0.4733","-0.0024","-0.0365"
"STORJ-USD","1.0728","6/4/2021 1:18:27 AM","0.9046","0.0122","Middle","9862133.04","0.9958","0","Bottom","4536.95","0.9993","0.0118","Middle","3162.83","-0.0035","1.4345","0.0005","0.9828","0.0291","Middle","104289.99","0.9915","0.0442","Middle","297200.15","-0.0087","0.3509","0.0106","-0.0087","-0.0078","0.8832","0.0291","Middle","3266982.13","1.0224","0.9098","Middle","8973717.18","-0.1392","0.3641","0.3313","-0.0043","-0.0231"
"MANA-USD","0.778","6/4/2021 1:18:31 AM","0.8973","0.0079","Middle","9240760.92","0.9987","0","Bottom","19714.91","0.9962","0","Bottom","15612.07","0.0025","1.2628","0.0021","0.9700","0","Bottom","397321.76","0.9926","0.0392","Middle","279646.63","-0.0226","1.4208","0.0430","-0.0226","-0.0036","0.8740","0","Bottom","4312270.83","1.0374","2.8235","Middle","6767396.75","-0.1634","0.6372","0.4667","-0.0061","-0.0412"
"ICP-USD","109.14","6/4/2021 1:18:33 AM","1.0082","0.0386","Middle","848525.0299","0.9997","0","Bottom","108.3779","0.9981","0.0012","Middle","235.8366","0.0016","0.4595","0.0001","0.9692","0.0000","Middle","11221.5424","0.9916","0.0698","Middle","21427.1973","-0.0224","0.5237","0.0132","-0.0224","-0.0065","0.8779","0.0050","Middle","222539.8229","1.1545","1.5253","Middle","724551.2284","-0.2766","0.3071","0.2623","-0.0081","-0.1564"
"UMA-USD","15.237","6/4/2021 1:18:35 AM","1.0471","0.3084","Middle","889528.924","0.9980","0","Bottom","224.166","0.9986","0.0129","Middle","507.97","-0.0006","0.4413","0.0003","0.9788","0.0532","Middle","17561.474","0.9723","0.0776","Middle","50376.856","0.0065","0.3486","0.0197","0.0065","-0.0263","1.0501","0.2819","Middle","632709.631","1.0395","0.2225","Middle","305754.869","0.0106","2.0693","0.7113","-0.0257","-0.0409"
"KNC-USD","2.1711","6/4/2021 1:18:39 AM","0.8216","0.0106","Middle","7943704.5","0.9979","0","Bottom","3651.4","0.9978","0.0034","Middle","260.6","0.0001","14.0115","0.0005","0.9934","0.0137","Middle","35776.4","0.9916","0.0423","Middle","194433.8","0.0018","0.1840","0.0045","0.0018","-0.0062","0.9068","0","Bottom","2338936","0.8967","0.1078","Middle","9823039.1","0.0101","0.2381","0.2944","-0.0063","0.1011"
"OMG-USD","5.9376","6/4/2021 1:18:41 AM","0.8982","0.0048","Middle","1972453.4","0.9963","0","Bottom","621.8","1.0004","0.0066","Middle","1362.4","-0.0041","0.4564","0.0003","0.9800","0","Bottom","38238.2","0.9943","0.0742","Middle","91304.8","-0.0143","0.4188","0.0194","-0.0143","-0.0061","0.8832","0","Bottom","989868.9","1.0372","0.8617","Middle","1351327.7","-0.1540","0.7325","0.5018","-0.0020","-0.0368"
"SUSHI-USD","11.602","6/4/2021 1:18:42 AM","0.8781","0.0216","Middle","1094936.92","0.9952","0","Bottom","823.66","1.0026","0.0157","Middle","2065.71","-0.0074","0.3987","0.0008","0.9752","0","Bottom","15100.21","0.9813","0.0671","Middle","46200.19","-0.0061","0.3268","0.0138","-0.0061","-0.0213","0.8735","0","Bottom","530830.8","1.0579","4.0813","Middle","915210.83","-0.1844","0.5800","0.4848","-0.0139","-0.0553"
"LRC-USD","0.3474","6/4/2021 1:18:45 AM","0.8963","0.0079","Middle","22251904.972852","0.9980","0","Bottom","132420.120402","0.9991","0.0144","Middle","92730.452096","-0.0011","1.4280","0.0060","0.9731","0.0016","Middle","662318.844381","0.9905","0.0608","Middle","1257927.397583","-0.0174","0.5265","0.0298","-0.0174","-0.0086","0.8848","0.0016","Middle","9863344.082634","1.0281","0.8263","Middle","18595653.368576","-0.1433","0.5304","0.4433","-0.0075","-0.0290"
"SNX-USD","11.8041","6/4/2021 1:18:46 AM","0.8494","0.0018","Middle","550159.465","0.9961","0","Bottom","756.925","1.0011","0.0078","Middle","258.149","-0.0050","2.9321","0.0014","0.9781","0","Bottom","11766.348","0.9987","0.0632","Middle","48469.262","-0.0206","0.2428","0.0214","-0.0206","-0.0024","0.8676","0","Bottom","293668.745","1.0580","1.7966","Middle","476198.034","-0.1904","0.6167","0.5338","0.0026","-0.0569"
"MATIC-USD","1.565","6/4/2021 1:18:48 AM","0.8635","0.0108","Middle","131437504.1","0.9941","0","Bottom","129200.1","1.0004","0.0124","Middle","204008.5","-0.0063","0.6333","0.0010","0.9693","0","Bottom","4061886.5","0.9987","0.0839","Middle","7314634.2","-0.0294","0.5553","0.0309","-0.0294","-0.0017","0.8536","0","Bottom","83504365.2","1.0136","1.1155","Middle","68525458.4","-0.1600","1.2186","0.6353","0.0046","-0.0132"
"NU-USD","0.3653","6/4/2021 1:18:54 AM","1.0413","0.6046","Middle","60198902.979396","0.9989","0","Bottom","9831.407762","0.9897","0.0143","Middle","120344.612866","0.0092","0.0817","0.0002","0.9468","0","Bottom","530367.292683","1.0213","0.2450","Middle","2922334.522864","-0.0745","0.1815","0.0088","-0.0745","0.0316","1.0488","0.5614","Middle","45310814.661198","1.0800","0.2932","Middle","34366406.84508","-0.0312","1.3185","0.7527","0.0224","-0.0903"
"OXT-USD","0.362","6/4/2021 1:18:58 AM","0.8740","0","Bottom","12020677","0.9981","0","Bottom","8853","0.9992","0.0033","Middle","246","-0.0011","35.9878","0.0007","0.9820","0","Bottom","438901","0.9844","0.016","Middle","991628","-0.0024","0.4426","0.0365","-0.0024","-0.0148","0.8889","0","Bottom","5475277","1.0099","0.4423","Middle","8637493","-0.1210","0.6339","0.4555","-0.0137","-0.0107"
"REN-USD","0.5304","6/4/2021 1:19:00 AM","0.8490","0.0039","Middle","14395056.384177","1.0026","0.0047","Top","27725.358918","1.0002","0.0089","Middle","3825.656705","0.0024","7.2472","0.0019","0.9744","0.0249","Middle","195977.22887","0.9954","0.0740","Middle","616097.590426","-0.0210","0.3181","0.0136","-0.0210","-0.0048","0.8718","0.0249","Middle","6499054.695644","1.0231","1.6486","Middle","14999574.939632","-0.1513","0.4333","0.4515","-0.0072","-0.0229"
"FIL-USD","85.3875","6/4/2021 1:19:02 AM","1.1979","1.1445","Middle","1628131.756","0.9981","0.0020","Middle","378.618","0.9966","0.0133","Middle","863.324","0.0015","0.4386","0.0002","0.9755","0.0152","Middle","23285.04","0.9879","0.1637","Middle","58309.049","-0.0124","0.3993","0.0143","-0.0124","-0.0087","0.9560","0.0667","Middle","601920.124","1.2778","2.3582","Middle","1081874.025","-0.3218","0.5564","0.3697","-0.0102","-0.2812"
"ATOM-USD","14.63","6/4/2021 1:19:04 AM","0.8915","0","Bottom","1573083.9","0.9974","0.0113","Middle","370.1","1.0019","0.0024","Top","325.8","-0.0045","1.1360","0.0002","0.9756","0.0113","Middle","39165.7","0.9940","0.0958","Middle","54437.2","-0.0184","0.7195","0.0249","-0.0184","-0.0079","0.8871","0.0538","Middle","563986.4","1.1204","3.6539","Middle","1611141.2","-0.2333","0.3501","0.3585","-0.0034","-0.1185"
"TRB-USD","60.2","6/4/2021 1:19:10 AM","0.8548","0","Bottom","120098.537","0.9987","0.0072","Middle","9.034","0.9951","0.0173","Middle","558.122","0.0036","0.0162","0.0001","0.9553","0.0073","Middle","2821.883","1.0110","0.0568","Middle","2138.693","-0.0557","1.3194","0.0235","-0.0557","0.0159","0.8536","0.0073","Middle","32763.48","1.0944","1.5468","Middle","126228.977","-0.2408","0.2596","0.2728","0.0123","-0.0993"
"SKL-USD","0.3664","6/4/2021 1:19:13 AM","0.8569","0.0014","Middle","31453456","1.0005","0.0042","Middle","25987.8","1.0003","0.0054","Top","64001.5","0.0002","0.4060","0.0008","0.9673","0.0239","Middle","1010888.6","0.9901","0.0717","Middle","1989941.1","-0.0228","0.5080","0.0321","-0.0228","-0.0102","0.8815","0.0381","Middle","15497759.5","1.0038","0.8302","Middle","25639338","-0.1223","0.6045","0.4927","-0.0104","-0.0035"
"ALGO-USD","0.9897","6/4/2021 1:19:15 AM","0.9324","0.0091","Middle","38925695","1.0032","0.0032","Top","3472","0.9990","0.0171","Middle","34360","0.0042","0.1010","0.0001","0.9932","0.0663","Middle","692033","0.9949","0.0583","Middle","1410373","-0.0017","0.4907","0.0178","-0.0017","-0.0041","0.8948","0.0063","Middle","12716353","1.0894","2.4495","Middle","37697174","-0.1946","0.3373","0.3267","-0.0083","-0.0904"
"EOS-USD","5.806","6/4/2021 1:19:17 AM","0.9017","0","Bottom","3255002.9","0.9995","0","Bottom","590.8","0.9978","0.0102","Middle","2590.9","0.0017","0.2280","0.0002","0.9821","0.0090","Middle","89228.5","0.9935","0.0705","Middle","147039.1","-0.0114","0.6068","0.0274","-0.0114","-0.0043","0.8894","0.0090","Middle","1577502.6","1.0264","1.8896","Middle","2399621.4","-0.1370","0.6574","0.4846","-0.0060","-0.0286"
"ADA-USD","1.6096","6/4/2021 1:19:19 AM","0.9063","0.0047","Middle","123531555.45","1.0040","0.0040","Top","28493.15","0.9972","0.0112","Middle","235687.73","0.0068","0.1209","0.0002","0.9721","0.0362","Middle","3201622.38","0.9932","0.0622","Middle","6638492.95","-0.0211","0.4823","0.0259","-0.0211","-0.0040","0.8766","0.0362","Middle","65032937.02","1.0523","3.1014","Middle","80171317.73","-0.1757","0.8112","0.5264","-0.0108","-0.0551"
"COMP-USD","391.04","6/4/2021 1:19:21 AM","0.8743","0","Bottom","18728.807","0.9982","0.0013","Middle","4.023","0.9965","0","Bottom","15.52","0.0017","0.2592","0.0002","0.9788","0.0140","Middle","511.497","0.9739","0.0416","Middle","1360.862","0.0049","0.3759","0.0273","0.0049","-0.0226","0.8718","0.0013","Middle","7964.957","1.0353","6.8192","Middle","14927.875","-0.1635","0.5336","0.4253","-0.0243","-0.0388"
"OGN-USD","0.894","6/4/2021 1:19:22 AM","0.8355","0","Bottom","7285460.31","1","0.0046","Middle","3784.82","0.9967","0.0184","Middle","19894.65","0.0033","0.1902","0.0005","0.9563","0.0231","Middle","428142.68","1.0011","0.0402","Middle","359110.05","-0.0448","1.1922","0.0588","-0.0448","0.0044","0.8408","0.0095","Middle","4012548.47","1.0307","1.125","Middle","5091598.34","-0.1899","0.7881","0.5508","0.0011","-0.0340"
"MKR-USD","3516.283","6/4/2021 1:19:24 AM","0.9613","0.0906","Middle","7609.714752","0.9977","0","Bottom","2.919051","0.9947","0","Bottom","5.315037","0.0030","0.5492","0.0004","0.9774","0.0484","Middle","172.245674","0.9856","0.1299","Middle","333.091573","-0.0082","0.5171","0.0226","-0.0082","-0.0091","0.9654","0.1390","Middle","5331.235828","1.0282","0.4251","Middle","3553.656266","-0.0628","1.5002","0.7006","-0.0121","-0.0335"
"RLC-USD","4.534","6/4/2021 1:19:28 AM","0.8389","0","Bottom","2292373.51","1.0022","0.0104","Middle","4854.77","0.9978","0.0169","Middle","3291.43","0.0044","1.4750","0.0021","0.9533","0.0198","Middle","147992.09","1.0059","0.0794","Middle","83066.35","-0.0526","1.7816","0.0646","-0.0526","0.0081","0.8417","0.0084","Middle","1115572.42","1.0240","0.8089","Middle","1825936.26","-0.1823","0.6110","0.4866","0.0037","-0.0262"
"ZEC-USD","150.75","6/4/2021 1:19:32 AM","0.8761","0","Bottom","36672.68968094","0.9980","0.0159","Middle","177.42424","1.0018","0.0024","Top","52.49205","-0.0038","3.3800","0.0048","0.9783","0.0198","Middle","730.07508957","0.9973","0.0585","Middle","731.29630676","-0.0190","0.9983","0.0199","-0.0190","-0.0045","0.8764","0.0250","Middle","13842.78136107","1.0540","6.5228","Middle","37308.95467002","-0.1776","0.3710","0.3775","-0.0007","-0.0522"
"CRV-USD","2.1571","6/4/2021 1:19:34 AM","0.8272","0.0047","Middle","7929592.53","1.0006","0.0030","Middle","6911.85","0.9956","0.0085","Middle","10652.18","0.0050","0.6489","0.0009","0.9617","0.0112","Middle","311501.22","0.9806","0.0566","Middle","400446.39","-0.0189","0.7779","0.0393","-0.0189","-0.0150","0.8630","0.0112","Middle","3303505.64","1.0724","1.3379","Middle","10010618.65","-0.2094","0.3300","0.4166","-0.0200","-0.0768"
"NKN-USD","0.3385","6/4/2021 1:19:36 AM","0.8722","0","Bottom","22335493.7","0.9956","0","Bottom","27989.3","0.9942","0.0255","Middle","18483.5","0.0014","1.5143","0.0013","0.9668","0.0282","Middle","496189.5","0.9986","0.1193","Middle","998833.9","-0.0318","0.4968","0.0222","-0.0318","0.0044","0.8646","0.0170","Middle","9327052","1.0478","0.9789","Middle","17864659.9","-0.1832","0.5221","0.4176","0.0030","-0.0536"
"BAT-USD","0.728","6/4/2021 1:19:38 AM","0.8771","0","Bottom","5322304.43","0.9973","0","Bottom","701.55","1.0014","0.0068","Top","6981.05","-0.0041","0.1005","0.0001","0.9812","0.0339","Middle","82141.9","0.996","0.0777","Middle","186751.03","-0.0148","0.4398","0.0154","-0.0148","-0.0054","0.8809","0.0339","Middle","1998815.85","1.0414","2.3158","Middle","4549984.36","-0.1605","0.4393","0.3756","-0.0013","-0.0400"
"ENJ-USD","1.428","6/4/2021 1:19:42 AM","0.8870","0","Bottom","5609166.42","0.9951","0.0035","Middle","6475.09","1","0.0049","Top","1292.07","-0.0049","5.0114","0.0012","0.9675","0.0035","Middle","83506.32","0.9973","0.0940","Middle","194090.28","-0.0298","0.4302","0.0149","-0.0298","-0.0027","0.8686","0.0035","Middle","3239891.8","1.0457","1.6769","Middle","3496346.33","-0.1771","0.9267","0.5776","0.0022","-0.0457"
"FIL-USD","88.2889","6/4/2021 2:15:09 AM","1.2371","1.7673","Middle","1687880.331","1.0027","0.0469","Middle","1024.069","0.9968","0.0095","Middle","509.129","0.0059","2.0114","0.0006","1.0086","0.2259","Middle","23161.7","1.0039","0.2690","Middle","72688.219","0.0047","0.3186","0.0137","0.0047","0.0071","0.9917","0.4340","Middle","674485.003","1.2778","2.3582","Middle","1081874.025","-0.2861","0.6234","0.3996","0.0012","-0.2810"
"NMR-USD","45.3028","6/4/2021 2:15:44 AM","0.8668","0.0359","Middle","127016.793","1","0","Bottom","0.071","1","0","Bottom","0.075","0","0.9467","0.0000","0.9943","0.0359","Middle","1471.788","0.9818","0.0019","Middle","8297.35","0.0125","0.1774","0.0116","0.0125","-0.0182","0.9079","0.0540","Middle","52380.712","1.0169","0.4621","Middle","194793.353","-0.1090","0.2689","0.4124","-0.0182","-0.0169"
"OXT-USD","0.3669","6/4/2021 2:16:16 AM","0.8849","0.1061","Middle","12880862","0.9986","0","Bottom","3333","1","0","Bottom","2870","-0.0014","1.1613","0.0003","0.9919","0.0555","Middle","319561","0.9946","0.1670","Middle","1219191","-0.0027","0.2621","0.0248","-0.0027","-0.0054","0.9007","0.0963","Middle","6453785","1.0099","0.4423","Middle","8637493","-0.1092","0.7472","0.5010","-0.0040","-0.0099"
"NU-USD","0.3667","6/4/2021 2:44:14 AM","1.0495","0.6320","Middle","62676500.491342","0.9995","0","Bottom","6957.812782","1.0011","0.0016","Top","9227.990794","-0.0016","0.7540","0.0001","0.9855","0.0549","Middle","1160097.388756","0.9695","0.1133","Middle","2180323.60808","0.0160","0.5321","0.0185","0.0160","-0.0316","1.0592","0.6300","Middle","48120868.365351","1.0800","0.2932","Middle","34366406.84508","-0.0208","1.4002","0.7678","-0.0300","-0.0789"
"TRB-USD","61.803","6/4/2021 3:12:37 AM","0.8335","0.1369","Middle","111581.82","0.9986","0.0035","Middle","36.104","1.0007","0.0063","Middle","104.45","-0.0021","0.3457","0.0003","1.0020","0.0695","Middle","835.261","1.0010","0.0894","Middle","4147.06","0.0010","0.2014","0.0075","0.0010","0.0003","0.8731","0.1265","Middle","39416.154","1.0944","2.2201","Middle","126228.977","-0.2213","0.3123","0.3532","0.0024","-0.0937"
"MATIC-USD","1.61","6/4/2021 3:13:11 AM","0.8580","0.2170","Middle","140638319.1","1.0017","0.0111","Middle","17450.1","0.9915","0","Bottom","124427.8","0.0102","0.1402","0.0001","0.9903","0.0332","Middle","1113372.3","1.0118","0.2102","Middle","5477674.2","-0.0215","0.2033","0.0079","-0.0215","0.0203","0.8823","0.2125","Middle","96103806","1.0136","1.1155","Middle","68525458.4","-0.1313","1.4025","0.6833","0.0101","-0.0221"
"ZEC-USD","152.69","6/4/2021 3:13:18 AM","0.8802","0.0871","Middle","37139.44403068","1.0008","0.0017","Top","15.6812","1.0002","0.0188","Middle","282.50884","0.0006","0.0555","0.0004","0.9988","0.0592","Middle","561.29619641","0.9957","0.0543","Middle","641.99933655","0.0031","0.8743","0.0151","0.0031","-0.0045","0.8835","0.0812","Middle","15900.59844269","1.0540","6.5228","Middle","37308.95467002","-0.1705","0.4262","0.4281","-0.0051","-0.0538"
"NU-USD","0.3745","6/4/2021 3:13:30 AM","1.0774","0.8041","Middle","63771450.934058","1.0016","0.0083","Middle","7298.665595","0.9939","0.0261","Middle","34186.212972","0.0077","0.2135","0.0001","1.0321","0.1857","Middle","1091087.607649","0.9801","0.0298","Middle","1323046.8397","0.0520","0.8247","0.0171","0.0520","-0.0138","1.0858","0.8363","Middle","49374905.423944","1.0800","0.2932","Middle","34366406.84508","0.0058","1.4367","0.7742","-0.0215","-0.0861"
"MATIC-USD","1.6459","6/4/2021 3:41:07 AM","0.8771","0.4037","Middle","143271826.9","0.9976","0.0046","Middle","90421","1.0046","0.0318","Middle","115277.2","-0.0070","0.7844","0.0006","1.0100","0.1715","Middle","3803338.2","1.0118","0.2102","Middle","5477674.2","-0.0018","0.6943","0.0265","-0.0018","0.0072","0.8999","0.3749","Middle","98793771.9","1.0136","1.1155","Middle","68525458.4","-0.1137","1.4417","0.6896","0.0142","-0.0090"
"UMA-USD","15.644","6/4/2021 5:07:41 AM","1.0701","0.5408","Middle","1004376.489","1.0031","0.0032","Top","358.943","0.9969","0","Bottom","735.064","0.0062","0.4883","0.0004","1.0097","0.0826","Middle","5300.736","0.9819","0.0155","Middle","37112.861","0.0278","0.1428","0.0053","0.0278","-0.0150","1.0704","0.4468","Middle","783741.912","1.0395","0.2225","Middle","305754.869","0.0309","2.5633","0.7803","-0.0212","-0.0426"
"UMA-USD","15.982","6/4/2021 5:35:49 AM","1.0932","0.8075","Middle","1027781.844","0.9992","0","Bottom","295.689","1.0004","0.0006","Top","44.341","-0.0012","6.6685","0.0003","1.0282","0.2422","Middle","28347.148","0.9819","0.0155","Middle","37112.861","0.0463","0.7638","0.0276","0.0463","-0.0185","1.0876","0.6247","Middle","805746.017","1.0395","0.2225","Middle","305754.869","0.0481","2.6353","0.7840","-0.0173","-0.0391"
"NU-USD","0.4095","6/4/2021 5:35:51 AM","1.2162","2.4231","Middle","74639437.288314","1.0027","0.0362","Middle","66288.418952","0.9980","0.0100","Middle","49918.234977","0.0047","1.3279","0.0009","0.9750","0.1166","Middle","2095392.148277","1.0036","0.6904","Middle","4022097.409194","-0.0286","0.5210","0.0281","-0.0286","0.0056","1.1843","2.4585","Middle","61447686.763959","1.0800","0.2932","Middle","34366406.84508","0.1043","1.7880","0.8233","0.0009","-0.0820"
"FIL-USD","85.9261","6/4/2021 6:05:00 AM","1.1209","0.9209","Middle","1690329.472","0.9926","0","Bottom","1066.564","1.0004","0.0124","Middle","191.007","-0.0078","5.5839","0.0006","0.9958","0.1577","Middle","36130.29","0.9701","0.0274","Middle","37078.712","0.0257","0.9744","0.0214","0.0257","-0.0303","0.9651","0.1405","Middle","820174.269","1.2778","2.3582","Middle","1081874.025","-0.3127","0.7581","0.4852","-0.0225","-0.2774"
"RLC-USD","4.632","6/4/2021 6:31:50 AM","0.8557","0.1374","Middle","2343780.13","0.9987","0.0073","Middle","316.47","1.0043","0.0245","Middle","439.89","-0.0056","0.7194","0.0001","0.9925","0.0952","Middle","48536.68","0.9811","0.0153","Middle","104997.04","0.0114","0.4623","0.0207","0.0114","-0.0232","0.8545","0.1023","Middle","1490670.76","1.0240","2.9355","Middle","1825936.26","-0.1695","0.8164","0.6360","-0.0176","-0.0197"
"SNX-USD","11.7061","6/4/2021 6:31:52 AM","0.8661","0.0397","Middle","607385.566","0.9995","0.0055","Middle","107.15","1.0003","0.0071","Middle","460.778","-0.0008","0.2325","0.0002","0.9798","0.0482","Middle","37105.17","0.9919","0.0569","Middle","29791.881","-0.0121","1.2455","0.0611","-0.0121","-0.0084","0.8649","0.0482","Middle","438699.337","1.0580","39.9915","Middle","476198.034","-0.1931","0.9213","0.7223","-0.0076","-0.0577"
"BAT-USD","0.733","6/4/2021 6:31:54 AM","0.8789","0.1402","Middle","5129610.23","1.0014","0.0014","Top","639.15","1.0041","0.0280","Middle","13877.57","-0.0027","0.0461","0.0001","0.9932","0.1619","Middle","141683.12","1.0041","0.11","Middle","182094.37","-0.0109","0.7781","0.0276","-0.0109","0.0000","0.8809","0.1296","Middle","2639763.06","1.0414","4.8889","Middle","4549984.36","-0.1605","0.5802","0.5146","0.0027","-0.0373"
"ADA-USD","1.6515","6/4/2021 6:31:56 AM","0.8884","0.1960","Middle","120831661.66","1.0062","0.0480","Middle","141090.31","1","0.0069","Middle","51238.18","0.0062","2.7536","0.0012","0.9873","0.1403","Middle","4784561.05","0.9942","0.0957","Middle","3366367.08","-0.0069","1.4213","0.0396","-0.0069","-0.0058","0.8944","0.1928","Middle","84884589.42","1.0523","5.1179","Middle","80171317.73","-0.1579","1.0588","0.7025","-0.0120","-0.0523"
"REN-USD","0.5279","6/4/2021 6:31:58 AM","0.8524","0.0567","Middle","13830843.790729","0.9992","0","Bottom","930.461","1.0019","0.0118","Middle","7037.884236","-0.0027","0.1322","0.0001","0.9829","0.0658","Middle","442184.717095","0.9952","0.0408","Middle","307063.938642","-0.0123","1.4400","0.0320","-0.0123","-0.0067","0.8636","0.0522","Middle","8043815.495931","1.0231","3.4206","Middle","14999574.939632","-0.1595","0.5363","0.5816","-0.0040","-0.0212"
"ICP-USD","106.787","6/4/2021 6:32:00 AM","0.9548","0.0535","Middle","865403.0934","1.0001","0.0031","Middle","103.7515","1.0068","0.0236","Middle","509.9439","-0.0067","0.2035","0.0001","0.9835","0.0542","Middle","12745.8267","0.9811","0.0364","Middle","19306.23","0.0024","0.6602","0.0147","0.0024","-0.0257","0.8572","0.0542","Middle","323381.2545","1.1545","1.5253","Middle","724551.2284","-0.2973","0.4463","0.3737","-0.0190","-0.1477"
"LRC-USD","0.3458","6/4/2021 6:32:02 AM","0.8774","0.0294","Middle","22464737.543044","1","0","Bottom","623.358285","1.0009","0.0009","Top","3047.313362","-0.0009","0.2046","0.0000","0.9821","0.0247","Middle","700451.966688","0.9958","0.0554","Middle","682029.335338","-0.0137","1.0270","0.0312","-0.0137","-0.0051","0.8781","0.0030","Middle","13572328.162629","1.0281","0.8263","Middle","18595653.368576","-0.1500","0.7299","0.6042","-0.0042","-0.0272"
"ZEC-USD","149.18","6/4/2021 6:32:04 AM","0.8720","0.0842","Middle","38799.82083332","1.0004","0.0024","Middle","34.16059217","1.0017","0.0017","Top","11.30431","-0.0013","3.0219","0.0009","0.9714","0.0791","Middle","3737.70885389","0.9926","0.0542","Middle","928.64687343","-0.0212","4.0249","0.0963","-0.0212","-0.0091","0.8619","0.0702","Middle","22661.72204852","1.0540","8.6824","Middle","37308.95467002","-0.1921","0.6074","0.5841","-0.0078","-0.0523"
"GRT-USD","0.7662","6/4/2021 6:32:06 AM","0.8790","0.0734","Middle","55313180.94","1.0029","0.0108","Middle","14779.44","1.0062","0.0061","Top","11957.18","-0.0033","1.2360","0.0003","0.9767","0.0519","Middle","1364140.92","0.9945","0.0579","Middle","1477371.11","-0.0178","0.9234","0.0247","-0.0178","-0.0117","0.8070","0.0797","Middle","26024700.76","1.2411","9.3223","Middle","45791569.5","-0.4341","0.5683","0.4705","-0.0084","-0.2349"
"XTZ-USD","3.3994","6/4/2021 6:32:08 AM","0.8673","0.0804","Middle","2849998.87","0.9984","0.0037","Middle","1137.58","1.0003","0.0037","Middle","3395.71","-0.0019","0.3350","0.0004","0.9816","0.0884","Middle","273138.98","0.9929","0.0708","Middle","66402.26","-0.0113","4.1134","0.0958","-0.0113","-0.0074","0.8764","0.0792","Middle","1795240.19","1.0178","2.8351","Middle","2488899.61","-0.1414","0.7213","0.6299","-0.0055","-0.0175"
"BTC-USD","35958.29","6/4/2021 6:32:10 AM","0.9209","0.1094","Middle","16491.29901767","1.0015","0.0184","Middle","9.81156208","1.0001","0.0029","Middle","27.37012965","0.0014","0.3585","0.0006","0.9820","0.1001","Middle","1159.51151408","0.9987","0.0809","Middle","680.65817631","-0.0167","1.7035","0.0703","-0.0167","-0.0014","0.9137","0.0783","Middle","9454.26787727","1.0443","44.1049","Middle","14325.7560692","-0.1306","0.6599","0.5733","-0.0028","-0.0442"
"NU-USD","0.4285","6/4/2021 6:32:12 AM","1.2887","5.675","Middle","78083370.447392","0.9981","0.0657","Middle","51539.715838","1.0009","0.0722","Middle","46847.742235","-0.0028","1.1002","0.0007","1.0197","0.7344","Middle","3922765.702085","1.0012","0.5616","Middle","3299828.965438","0.0185","1.1888","0.0502","0.0185","0.0003","1.2415","6.1011","Middle","66499285.356826","1.0800","0.2932","Middle","34366406.84508","0.1615","1.9350","0.8516","0.0031","-0.0791"
"ZRX-USD","1.038875","6/4/2021 6:32:14 AM","0.8765","0.1124","Middle","8463588.03993","1.0000","0.0000","Top","1178.87819","1.0008","0.0057","Middle","12289.08315","-0.0008","0.0959","0.0001","0.9907","0.1213","Middle","198327.39315","0.9955","0.0502","Middle","267616.33737","-0.0048","0.7411","0.0234","-0.0048","-0.0053","0.8751","0.1213","Middle","4552596.48364","1.0355","5.1373","Middle","8500352.72037","-0.1604","0.5356","0.5379","-0.0045","-0.0347"
"SKL-USD","0.371","6/4/2021 6:32:16 AM","0.8695","0.1476","Middle","30795681","1.0027","0.0176","Middle","51841.8","1.0027","0.0190","Middle","11642.9","0.0000","4.4527","0.0017","0.9732","0.1074","Middle","1811359.2","1.0187","0.0246","Top","846486.9","-0.0455","2.1399","0.0588","-0.0455","0.0160","0.8779","0.1496","Middle","21128179.8","1.0038","2.4","Middle","25639338","-0.1259","0.8241","0.6861","0.0160","-0.0011"
"CGLD-USD","3.2605","6/4/2021 6:32:18 AM","0.9293","0.1323","Middle","1178947.55","1.0000","0","Bottom","205.16","0.9997","0","Bottom","414.4","0.0003","0.4951","0.0002","0.9746","0.0836","Middle","32805.12","1.0113","0.1705","Middle","24906.68","-0.0367","1.3171","0.0278","-0.0367","0.0116","0.9339","0.1491","Middle","677819.96","1.0044","1.0419","Middle","958308.19","-0.0705","0.7073","0.5749","0.0113","-0.0047"
"LINK-USD","27.80757","6/4/2021 6:32:20 AM","0.8607","0.1262","Middle","3519025.29","1.0018","0.0018","Top","183.02","1.0057","0.0342","Middle","2845.81","-0.0039","0.0643","0.0001","0.9913","0.1357","Middle","160005.68","0.9943","0.0605","Middle","147441.63","-0.0030","1.0852","0.0455","-0.0030","-0.0114","0.8609","0.1044","Middle","2390286.55","1.0503","6.8545","Middle","2150880.03","-0.1894","1.1113","0.6792","-0.0075","-0.0446"
"BAL-USD","28.38827","6/4/2021 6:32:22 AM","0.8990","0.0690","Middle","90017.81","1.0008","0.0008","Top","14.2","1.0002","0.0002","Top","16.7","0.0006","0.8503","0.0002","0.9862","0.0782","Middle","3906.075","0.9993","0.0136","Middle","2447.915","-0.0131","1.5957","0.0434","-0.0131","-0.0009","0.8919","0.0489","Middle","56764.127","1.0428","3.9936","Middle","68833.398","-0.1509","0.8247","0.6306","-0.0015","-0.0426"
"TRB-USD","59.784","6/4/2021 6:32:24 AM","0.8145","0.0576","Middle","105367.817","0.9986","0","Bottom","5.952","1.0007","0.0007","Top","0.616","-0.0021","9.6623","0.0001","0.9823","0.0576","Middle","3820.85","0.9786","0.0197","Middle","1666.289","0.0037","2.2930","0.0363","0.0037","-0.0221","0.8461","0.0576","Middle","49772.082","1.0944","2.7054","Middle","126228.977","-0.2483","0.3943","0.4724","-0.0200","-0.0937"
"OMG-USD","5.8911","6/4/2021 6:32:26 AM","0.8672","0.1220","Middle","2107140.1","1","0","Bottom","207","1.0011","0.0011","Top","1322","-0.0011","0.1566","0.0001","0.9928","0.1316","Middle","134225.7","0.9958","0.0708","Middle","78707.6","-0.0030","1.7054","0.0637","-0.0030","-0.0053","0.8782","0.1119","Middle","1434617.6","1.0372","1.8415","Middle","1351327.7","-0.1590","1.0616","0.6808","-0.0042","-0.0361"
"EOS-USD","5.876","6/4/2021 6:32:28 AM","0.8972","0.1346","Middle","3122233.1","1.0024","0.0031","Top","2760.1","1.0036","0.0036","Top","536.1","-0.0012","5.1485","0.0009","0.9931","0.1168","Middle","151861.9","0.9951","0.0439","Middle","89712.7","-0.0020","1.6928","0.0486","-0.0020","-0.0085","0.8975","0.12","Middle","2042921.9","1.0264","10.2667","Middle","2399621.4","-0.1289","0.8514","0.6543","-0.0073","-0.0228"
"BNT-USD","4.3958","6/4/2021 6:32:29 AM","0.8968","0.0663","Middle","501801.279458","1.0004","0.0032","Middle","963.375741","0.9988","0","Bottom","217.014687","0.0016","4.4392","0.0019","0.9867","0.0663","Middle","22025.57813","0.9918","0.0090","Middle","14122.247326","-0.0051","1.5596","0.0439","-0.0051","-0.0070","0.8952","0.0624","Middle","318192.43006","1.0429","2.9966","Middle","328930.254962","-0.1477","0.9674","0.6341","-0.0086","-0.0441"
"COMP-USD","389.33","6/4/2021 6:32:33 AM","0.8852","0.0863","Middle","20458.397","1.0022","0.0139","Middle","2.993","1.0002","0.0094","Middle","22.885","0.0020","0.1308","0.0001","0.9784","0.0556","Middle","705.323","0.9844","0.0268","Middle","1108.59","-0.0060","0.6362","0.0345","-0.0060","-0.0158","0.8678","0.1036","Middle","12855.869","1.0353","9.7339","Middle","14927.875","-0.1675","0.8612","0.6284","-0.0178","-0.0351"
"KNC-USD","2.1234","6/4/2021 6:32:35 AM","0.8337","0.0564","Middle","7783059.3","1.0024","0.0046","Top","4356.3","1.0050","0.0201","Middle","1288.5","-0.0026","3.3809","0.0006","0.9953","0.0675","Middle","161517.1","0.9746","0.0106","Middle","293773.1","0.0207","0.5498","0.0208","0.0207","-0.0304","0.8787","0.0371","Middle","3262289.5","0.8967","0.1173","Middle","9823039.1","-0.0180","0.3321","0.4192","-0.0278","0.1083"
"CRV-USD","2.2164","6/4/2021 6:32:37 AM","0.8833","0.1805","Middle","7948726.69","1.0014","0.0014","Top","594","1.0009","0.0009","Top","1035.04","0.0005","0.5739","0.0001","0.9632","0.0288","Middle","229906.51","1.0057","0.0900","Middle","252791.82","-0.0425","0.9095","0.0289","-0.0425","0.0048","0.8822","0.1554","Middle","4527622.68","1.0724","2.6071","Middle","10010618.65","-0.1902","0.4523","0.5696","0.0043","-0.0715"
"MKR-USD","3475.3875","6/4/2021 6:32:39 AM","0.9485","0.0636","Middle","8115.33836","1.0030","0.0213","Middle","3.444851","0.9981","0.0037","Middle","1.984742","0.0049","1.7357","0.0004","0.9802","0.0943","Middle","378.422279","1.0001","0.1143","Middle","259.172325","-0.0199","1.4601","0.0466","-0.0199","0.0020","0.9527","0.0943","Middle","6557.252042","1.0282","0.4251","Middle","3553.656266","-0.0755","1.8452","0.8080","-0.0029","-0.0301"
"WBTC-USD","35953.51","6/4/2021 6:32:41 AM","0.9192","0.1019","Middle","27.45808023","1","0","Bottom","0.0002381","1.0022","0.0022","Top","0.06336679","-0.0022","0.0038","0.0000","0.9820","0.0652","Middle","1.23374294","0.9973","0.0511","Middle","0.6866554","-0.0153","1.7967","0.0449","-0.0153","-0.0049","0.9148","0.0652","Middle","21.69648867","1.0415","255.8804","Middle","11.55894195","-0.1267","1.8770","0.7902","-0.0027","-0.0393"
"ANKR-USD","0.09906","6/4/2021 6:32:43 AM","0.8709","0.0468","Middle","163443302","1.0042","0.0042","Top","16469","1.0017","0.0182","Middle","618589","0.0025","0.0266","0.0001","0.9908","0.0705","Middle","6309048","0.9995","0.0866","Middle","4576262","-0.0087","1.3786","0.0386","-0.0087","-0.0022","0.8917","0.0705","Middle","103676244","1.0356","1.8133","Middle","126622594","-0.1439","0.8188","0.6343","-0.0047","-0.0339"
"NMR-USD","45.3506","6/4/2021 6:32:45 AM","0.8797","0.0515","Middle","121817.378","1.0038","0.0283","Middle","89.841","1.0013","0.0022","Top","26.965","0.0025","3.3318","0.0007","0.9902","0.0795","Middle","5262.484","0.9801","0.0166","Middle","2494.764","0.0101","2.1094","0.0432","0.0101","-0.0212","0.9119","0.1016","Middle","67175.535","1.0169","0.8461","Middle","194793.353","-0.1050","0.3449","0.5514","-0.0237","-0.0156"
"ETC-USD","62.502","6/4/2021 6:32:47 AM","0.8906","0.1401","Middle","566867.42765699","1.0039","0.0319","Middle","336.80803485","1.0013","0.0122","Middle","200.30091897","0.0026","1.6815","0.0006","0.9902","0.1632","Middle","23080.963523","1.0035","0.0783","Middle","21895.91850758","-0.0133","1.0541","0.0407","-0.0133","0.0022","0.8992","0.1772","Middle","368024.33672428","1.0225","4.2215","Middle","392052.23623031","-0.1233","0.9387","0.6492","-0.0004","-0.0212"
"MIR-USD","4.64","6/4/2021 6:32:49 AM","0.9541","0.0952","Middle","661174.52","0.9998","0.0127","Middle","825.64","0.9989","0","Bottom","202.68","0.0009","4.0736","0.0012","0.9983","0.1129","Middle","18511.25","0.9959","0","Bottom","7679.37","0.0024","2.4105","0.0280","0.0024","-0.0030","0.9441","0.1129","Middle","175983.23","1.0045","4.2857","Middle","796936.14","-0.0604","0.2208","0.2662","-0.0039","-0.0056"
"OGN-USD","0.909","6/4/2021 6:32:53 AM","0.8440","0.1034","Middle","7400501.84","1.0022","0.0176","Middle","55277","1","0.0033","Top","2289.03","0.0022","24.1487","0.0075","0.9924","0.1294","Middle","265966.84","0.9840","0.0429","Middle","219722.18","0.0084","1.2105","0.0359","0.0084","-0.0160","0.8399","0.0608","Middle","5354743.11","1.0307","4.5","Middle","5091598.34","-0.1908","1.0517","0.7236","-0.0182","-0.0307"
"AAVE-USD","349.86","6/4/2021 6:32:55 AM","0.8707","0.0582","Middle","63665.7","1.0053","0.0053","Top","51.742","0.9991","0.0067","Middle","48.579","0.0062","1.0651","0.0008","0.9848","0.0979","Middle","4004.011","0.9980","0.0679","Middle","1943.619","-0.0132","2.0601","0.0629","-0.0132","-0.0011","0.8785","0.0668","Middle","42511.798","1.0389","3.5287","Middle","51695.566","-0.1604","0.8223","0.6677","-0.0073","-0.0398"
"UMA-USD","15.883","6/4/2021 6:32:57 AM","1.0854","0.6672","Middle","1120250.462","1.0060","0.0060","Top","715.243","0.9982","0.0102","Middle","327.974","0.0078","2.1808","0.0006","0.9390","0.1265","Middle","53603.404","1.0962","1.7106","Middle","72108.35","-0.1572","0.7434","0.0478","-0.1572","0.0980","1.0931","0.6907","Middle","906104.602","1.0395","0.2225","Middle","305754.869","0.0536","2.9635","0.8088","0.0902","-0.0413"
"OXT-USD","0.3576","6/4/2021 6:32:59 AM","0.8663","0.0266","Middle","16412657","1.0006","0.0036","Middle","688","0.9994","0","Bottom","6277","0.0012","0.1096","0.0000","0.9827","0.0303","Middle","343927","0.9989","0.0713","Middle","640726","-0.0162","0.5368","0.0210","-0.0162","-0.0005","0.8795","0.0303","Middle","11703858","1.0099","0.9857","Middle","8637493","-0.1304","1.3550","0.7131","-0.0017","-0.0105"
"BCH-USD","651.31","6/4/2021 6:33:01 AM","0.8960","0.1033","Middle","48362.57213244","1.0030","0.0306","Middle","54.46286233","0.9984","0.0073","Middle","72.12051231","0.0046","0.7552","0.0011","0.9909","0.1103","Middle","2367.51725008","0.9979","0.0547","Middle","1233.07879252","-0.0070","1.9200","0.0490","-0.0070","-0.0005","0.9102","0.1493","Middle","29507.99829487","1.0301","2.8873","Middle","40854.735849","-0.1199","0.7223","0.6101","-0.0051","-0.0317"
"STORJ-USD","1.0584","6/4/2021 6:33:03 AM","0.8906","0.0652","Middle","9982891.68","1.0022","0.0032","Top","9399.25","0.9987","0.0004","Middle","25779.67","0.0035","0.3646","0.0009","0.9889","0.0929","Middle","508250.82","0.9958","0.0406","Middle","140426.06","-0.0069","3.6193","0.0509","-0.0069","-0.0029","0.8674","0.0713","Middle","4539489.1","1.0224","0.9098","Middle","8973717.18","-0.1550","0.5059","0.4547","-0.0064","-0.0237"
"NKN-USD","0.3426","6/4/2021 6:33:05 AM","0.8584","0.1162","Middle","23135565","1.0012","0.0070","Middle","2926.8","0.9994","0.0191","Middle","14720.6","0.0018","0.1988","0.0001","0.9919","0.1416","Middle","808995.4","0.9872","0.0279","Middle","483731","0.0047","1.6724","0.0350","0.0047","-0.0122","0.8702","0.1416","Middle","14028897.8","1.0478","3.5692","Middle","17864659.9","-0.1776","0.7853","0.6064","-0.0140","-0.0484"
"UNI-USD","25.4283","6/4/2021 6:33:07 AM","0.8816","0.1181","Middle","1053854.496767","1.0054","0.0054","Top","1048.287808","0.9997","0.0003","Middle","1735.12615","0.0057","0.6042","0.0010","0.9805","0.1097","Middle","76916.953049","0.9955","0.0989","Middle","28182.487624","-0.0150","2.7292","0.0730","-0.0150","-0.0042","0.8905","0.1542","Middle","710982.330489","1.0389","6.8764","Middle","841521.618415","-0.1484","0.8449","0.6746","-0.0099","-0.0392"
"DASH-USD","183.022","6/4/2021 6:33:09 AM","0.8675","0.0981","Middle","24891.59572994","1.0033","0.0033","Top","17.073","0.9998","0.0080","Middle","15.34964075","0.0035","1.1123","0.0007","0.9952","0.1433","Middle","2583.83490862","0.9949","0.0528","Middle","1298.77216932","0.0003","1.9894","0.1038","0.0003","-0.0049","0.8767","0.1433","Middle","16236.54601264","1.0390","7.4604","Middle","23367.19820667","-0.1623","0.6948","0.6523","-0.0084","-0.0392"
"1INCH-USD","3.32","6/4/2021 6:33:13 AM","0.9551","1.0140","Middle","1139871.9","0.9997","0.0093","Middle","125.48","1.0009","0.0138","Middle","254.67","-0.0012","0.4927","0.0001","0.9928","0.1542","Middle","37295.87","1.0173","0.3526","Middle","87528.07","-0.0245","0.4261","0.0327","-0.0245","0.0164","0.9502","1.0140","Middle","723724.5","1.0352","4.2564","Middle","1329787.26","-0.0850","0.5442","0.6349","0.0176","-0.0343"
"SUSHI-USD","11.517","6/4/2021 6:33:15 AM","0.8782","0.1272","Middle","1088536.82","1.0050","0.0050","Top","83.21","1.0004","0.0084","Middle","156.16","0.0046","0.5329","0.0001","0.9935","0.1324","Middle","28204.7","0.9903","0.0390","Middle","42105.26","0.0032","0.6699","0.0259","0.0032","-0.0101","0.8600","0.0549","Middle","683621.41","1.0579","1004","Middle","915210.83","-0.1979","0.7470","0.6280","-0.0147","-0.0575"
"ENJ-USD","1.439","6/4/2021 6:33:17 AM","0.8844","0.0882","Middle","5611664.88","1.0021","0.0021","Top","815.48","1.0014","0.0021","Top","840.07","0.0007","0.9707","0.0001","0.9768","0.0609","Middle","172380.02","0.9919","0.0372","Middle","254337.99","-0.0151","0.6778","0.0307","-0.0151","-0.0095","0.8710","0.0609","Middle","4270163.34","1.0457","1.6769","Middle","3496346.33","-0.1747","1.2213","0.7609","-0.0102","-0.0443"
"MANA-USD","0.786","6/4/2021 6:33:19 AM","0.8851","0.1239","Middle","9210234.68","1","0","Bottom","48.06","1.0064","0.0064","Top","2993.44","-0.0064","0.0161","0.0000","0.9924","0.1441","Middle","390702.02","0.9962","0.0566","Middle","191016.93","-0.0038","2.0454","0.0424","-0.0038","-0.0102","0.8864","0.1441","Middle","5779763.92","1.0374","4.3636","Middle","6767396.75","-0.1510","0.8541","0.6275","-0.0038","-0.0310"
"XLM-USD","0.374246","6/4/2021 6:33:21 AM","0.8769","0.0820","Middle","144195433","1.0006","0.0011","Top","23358","1.0032","0.0218","Middle","595476","-0.0026","0.0392","0.0002","0.9803","0.0811","Middle","8050476","1.0027","0.0854","Middle","3265727","-0.0224","2.4651","0.0558","-0.0224","-0.0005","0.8747","0.0364","Middle","95078548","1.0153","3.4198","Middle","107762053","-0.1406","0.8823","0.6594","0.0021","-0.0121"
"ATOM-USD","14.324","6/4/2021 6:33:23 AM","0.8736","0.0996","Middle","1814594","1.0006","0.0067","Middle","12.4","1.0029","0.0174","Middle","209.2","-0.0023","0.0593","0.0000","0.9898","0.1154","Middle","49497.5","1.0007","0.0938","Middle","32916.9","-0.0109","1.5037","0.0273","-0.0109","-0.0022","0.8611","0.1154","Middle","994366.9","1.1204","3.6539","Middle","1611141.2","-0.2593","0.6172","0.5480","0.0001","-0.1175"
"YFI-USD","41441.46","6/4/2021 6:33:27 AM","0.8964","0.1119","Middle","514.795163","1.0014","0.0014","Top","0.040559","1.0035","0.0293","Middle","0.353364","-0.0021","0.1148","0.0001","0.9897","0.1339","Middle","20.39178","0.9952","0.0958","Middle","28.090683","-0.0055","0.7259","0.0396","-0.0055","-0.0083","0.9044","0.1339","Middle","337.360539","1.0168","1.9128","Middle","380.93721","-0.1124","0.8856","0.6553","-0.0062","-0.0133"
"BAND-USD","8.08","6/4/2021 6:33:29 AM","0.8940","0.0677","Middle","831125.14","1.0019","0.0019","Top","890.45","0.9991","0.0062","Middle","205.73","0.0028","4.3282","0.0011","0.9829","0.0864","Middle","18744.14","0.9985","0.0934","Middle","17423.59","-0.0156","1.0758","0.0226","-0.0156","-0.0006","0.8880","0.0928","Middle","548594.23","1.0658","5.1927","Middle","729890.76","-0.1778","0.7516","0.6601","-0.0034","-0.0667"
"ALGO-USD","0.9973","6/4/2021 6:33:31 AM","0.9421","0.1562","Middle","38192380","0.9996","0.0025","Middle","7343","1.0026","0.0165","Middle","11585","-0.0030","0.6338","0.0002","0.9954","0.1584","Middle","1217050","0.9986","0.0722","Middle","910856","-0.0032","1.3362","0.0319","-0.0032","-0.0040","0.8973","0.1599","Middle","17656230","1.0894","2.4495","Middle","37697174","-0.1921","0.4684","0.4623","-0.0010","-0.0868"
"ETH-USD","2584.35","6/4/2021 6:33:35 AM","0.9133","0.1038","Middle","291575.37719436","1.0011","0.0259","Middle","728.80973106","0.9998","0.0110","Middle","153.47246293","0.0013","4.7488","0.0025","0.9811","0.0730","Middle","16438.1729265","1.0007","0.0591","Middle","7092.76983529","-0.0196","2.3176","0.0564","-0.0196","0.0009","0.8991","0.0466","Middle","173883.24970472","1.0553","11.8664","Middle","254235.89167581","-0.1562","0.6839","0.5964","-0.0004","-0.0555"
"CTSI-USD","0.6656","6/4/2021 6:33:37 AM","0.8889","0.0612","Middle","22487877.9","1","0","Bottom","16.9","1.0023","0.0079","Middle","21238.4","-0.0023","0.0008","0.0000","0.9859","0.0664","Middle","488770.3","0.9840","0.0378","Middle","450607.1","0.0019","1.0847","0.0217","0.0019","-0.0183","0.8223","0.0664","Middle","15846617.3","1.1408","2.0265","Middle","10702281.2","-0.3185","1.4807","0.7047","-0.0160","-0.1385"
"1INCH-USD","3.422","6/4/2021 7:00:27 AM","0.9845","2.8482","Middle","1230584.8","1.0012","0.0012","Top","30.14","1.0020","0.0020","Top","22.59","-0.0008","1.3342","0.0000","1.0012","0.0012","Top","30.14","1.0311","1.8721","Middle","128031.36","-0.0299","0.0002","0.0000","-0.0299","0.0291","0.9883","4.3210","Middle","814490.13","1.0352","4.2564","Middle","1329787.26","-0.0469","0.6125","0.6619","0.0299","-0.0332"
"CRV-USD","2.3307","6/4/2021 7:01:49 AM","0.9491","0.7113","Middle","7822447.37","0.9989","0.0012","Middle","32.83","0.9983","0.0232","Middle","769.83","0.0006","0.0426","0.0000","0.9959","0.0008","Middle","683.83","1.0225","0.5854","Middle","374766.89","-0.0266","0.0018","0.0001","-0.0266","0.0242","0.9305","0.7012","Middle","4674469.11","1.0724","2.6071","Middle","10010618.65","-0.1419","0.4670","0.5976","0.0236","-0.0741"
"NU-USD","0.4645","6/4/2021 7:29:03 AM","1.3792","4.3713","Middle","96308266.236544","0.9671","0.1217","Middle","771256.569244","0.9915","0.2486","Middle","538259.454466","-0.0244","1.4329","0.0080","0.9972","0.1942","Middle","12726257.223656","1.1057","1.5151","Middle","11100007.632687","-0.1085","1.1465","0.1321","-0.1085","0.1142","1.3412","4.3246","Middle","86478388.437463","1.0800","0.1971","Middle","34366406.84508","0.2612","2.5164","0.8979","0.1386","-0.0885"
"UMA-USD","16.282","6/4/2021 7:30:36 AM","1.1097","1.0696","Middle","1175450.372","0.9984","0.0042","Middle","268.502","0.9980","0.0156","Middle","656.626","0.0004","0.4089","0.0002","0.9979","0.1681","Middle","39347.271","0.9580","0.3475","Middle","93911.146","0.0399","0.4190","0.0335","0.0399","-0.0400","1.1134","0.9910","Middle","985759.615","1.0395","0.2225","Middle","305754.869","0.0739","3.2240","0.8386","-0.0404","-0.0415"
"NU-USD","0.5013","6/4/2021 7:58:49 AM","1.4884","21.4138","Middle","106974540.66654","1.0117","0.0118","Top","79720.51538","0.9970","1.5","Middle","288873.238222","0.0147","0.2760","0.0007","1.0647","2.6458","Middle","23345106.33803","1.1057","1.1303","Middle","11100007.632687","-0.0410","2.1032","0.2182","-0.0410","0.1087","1.4320","12.5417","Middle","97097237.551837","1.0800","0.1836","Middle","34366406.84508","0.3520","2.8254","0.9077","0.0940","-0.0830"
"CRV-USD","2.3789","6/4/2021 8:26:09 AM","0.9221","1.1382","Middle","8134127.17","0.9974","0.0143","Middle","8584.29","1.0003","0.0003","Top","865.74","-0.0029","9.9156","0.0011","0.9888","0.1473","Middle","181833.87","1.0302","0.5448","Middle","485803.86","-0.0414","0.3743","0.0224","-0.0414","0.0299","0.9507","1.1478","Middle","5341408.69","1.0724","2.7698","Middle","10010618.65","-0.1217","0.5336","0.6567","0.0328","-0.0721"
"GRT-USD","0.7857","6/4/2021 8:27:59 AM","0.9191","0.1857","Middle","57776815.68","0.9981","0.0005","Middle","11799.48","1.0028","0.0118","Middle","129719.69","-0.0047","0.0910","0.0002","0.9815","0.0193","Middle","923915.4","1.0001","0.0319","Middle","2526350.78","-0.0186","0.3657","0.0160","-0.0186","-0.0027","0.8264","0.1864","Middle","31558726.81","1.2411","9.3223","Middle","45791569.5","-0.4147","0.6892","0.5462","0.0020","-0.2383"
"MIR-USD","4.953","6/4/2021 8:28:48 AM","1.0240","2.1304","Middle","847290.35","1.0016","0.0016","Top","376.55","0.9974","0","Bottom","4583.29","0.0042","0.0822","0.0004","1.0085","0.5065","Middle","159233.04","1.0362","0.0362","Top","63834.09","-0.0277","2.4945","0.1879","-0.0277","0.0388","1.0157","3.3077","Middle","388249.06","1.0045","0.7732","Middle","796936.14","0.0112","0.4872","0.4582","0.0346","-0.0071"
"MANA-USD","0.807","6/4/2021 8:56:22 AM","0.9244","0.3804","Middle","9278256.22","0.9975","0","Bottom","567.7","0.9975","0","Bottom","10558.68","0.0000","0.0538","0.0001","0.9988","0.1758","Middle","192249.91","0.9951","0.0870","Middle","192612.4","0.0037","0.9981","0.0207","0.0037","-0.0024","0.9089","0.3956","Middle","6378170.82","1.0374","4.3636","Middle","6767396.75","-0.1285","0.9425","0.6874","-0.0024","-0.0399"
"MIR-USD","5.055","6/4/2021 8:56:32 AM","1.0451","7.5424","Middle","925498.89","1.0006","0.0833","Middle","1258.72","1.0016","0.1897","Middle","10536.48","-0.0010","0.1195","0.0014","1.0275","2.8033","Middle","236542.9","1.0362","0.0362","Top","63834.09","-0.0087","3.7056","0.2556","-0.0087","0.0346","1.0270","7.2623","Middle","483648.56","1.0045","0.7732","Middle","796936.14","0.0225","0.6069","0.5226","0.0356","-0.0029"
"CRV-USD","2.5336","6/4/2021 8:57:13 AM","0.9820","8.2516","Middle","8660029.45","0.9962","0","Bottom","3223.46","1.0013","0.0905","Middle","3960.66","-0.0051","0.8139","0.0004","1.0491","3.0506","Middle","706297.84","1.0302","0.5448","Middle","485803.86","0.0189","1.4539","0.0816","0.0189","0.0289","1.0078","6.5079","Middle","5865788.66","1.0724","2.7698","Middle","10010618.65","-0.0646","0.5860","0.6773","0.0340","-0.0711"
